2577
2461
2982
3466
3689
3290
3057
3144
2899
2624
2284
1684
1643
1486
1303
1449
2257
2508
2897
3512
3804
3410
3380
3682
3461
3179
2693
2245
2244
2104
1929
2649
2290
2258
2705
2963
3431
3409
3216
3107
2815
2801
2533
1972
1730
1454
1263
1689
2110
2291
2571
3007
3472
3480
3604
3488
3385
3344
3012
2578
2408
2066
1910
3231
2016
2048
2427
2503
3155
3492
3345
3036
2703
2956
2778
2285
1801
1410
1210
1947
1949
2068
2256
2547
3133
3510
3802
3265
3274
3476
3330
2928
2554
2004
1865
3898
2503
1957
1999
2415
2555
3158
3390
3215
2907
2573
2794
2587
2077
1578
1172
1910
2394
1895
2025
2252
2616
3158
3436
3699
3161
3167
3355
3191
2775
2375
1807
3864
2220
2437
1905
1991
2473
2574
3076
3267
3086
2778
2435
2613
2367
1834
1326
1902
2125
2335
1849
2026
2317
2651
3098
3338
3583
3055
3055
3219
3033
2586
2158
3852
1957
2166
2392
1908
2064
2515
2526
2985
3156
2969
2647
2286
2408
2111
1562
2059
1875
2076
2297
1856
2107
2369
2615
3025
3246
3482
2953
2939
3072
2850
2374
4213
1760
1910
2124
2402
1985
2107
2479
2455
2894
3043
2832
2498
2114
2161
1813
2357
1686
1833
2037
2309
1935
2155
2340
2554
2950
3156
3381
2846
2814
2901
2633
4671
1671
1721
1877
2139
2498
2042
2081
2421
2383
2801
2926
2686
2324
1911
1875
2743
1599
1650
1801
2055
2402
1992
2133
2291
2491
2876
3067
3274
2732
2670
2701
5232
1643
1634
1691
1892
2237
2563
2020
2031
2358
2309
2699
2785
2511
2114
1669
3051
1573
1566
1624
1819
2153
2471
1977
2089
2242
2431
2801
2975
3159
2604
2502
5685
1598
1610
1607
1707
1985
2301
2542
1973
1979
2292
2226
2579
2616
2297
1866
3113
1531
1543
1543
1643
1911
2218
2456
1937
2046
2192
2374
2726
2879
3026
2451
5865
1515
1563
1581
1620
1784
2037
2278
2487
1916
1918
2214
2123
2422
2396
2023
3285
1451
1498
1517
1556
1717
1963
2199
2410
1892
1997
2138
2306
2635
2751
2849
5921
951
1083
1299
1541
1928
1764
1425
1511
1431
1387
1238
1083
1062
809
669
721
925
1014
1217
1681
2353
2117
1863
1993
1900
1876
1727
1434
1312
1001
826
1372
922
997
1175
1370
1655
1607
1529
1446
1385
1452
1308
1190
1069
849
752
943
911
954
1098
1392
1914
1927
1910
1860
1814
1926
1778
1559
1410
1101
933
1703
880
908
1051
1201
1404
1446
1620
1368
1324
1503
1366
1291
1063
880
835
1216
886
886
979
1137
1538
1732
1936
1713
1711
1952
1808
1672
1497
1197
1043
2085
907
853
883
1041
1228
1407
1405
1565
1317
1273
1448
1305
1218
980
786
1396
862
859
862
971
1163
1543
1688
1876
1654
1651
1889
1739
1597
1415
1111
2221
798
881
830
879
1067
1235
1373
1357
1516
1273
1229
1391
1236
1128
882
1496
761
838
840
860
996
1172
1509
1637
1823
1603
1601
1829
1673
1520
1325
2404
687
778
863
831
911
1084
1214
1337
1319
1474
1230
1183
1326
1152
1026
1659
655
743
822
842
891
1012
1151
1473
1593
1776
1558
1552
1769
1600
1433
2751
572
670
763
866
866
930
1070
1184
1304
1281
1434
1187
1127
1244
1055
1909
546
640
729
825
876
910
998
1123
1438
1554
1733
1513
1501
1699
1518
3112
494
560
658
769
904
892
921
1050
1158
1278
1251
1394
1139
1064
1147
2108
472
535
629
735
861
901
901
979
1099
1408
1518
1692
1471
1449
1624
3462
453
484
551
666
810
933
887
904
1031
1136
1250
1216
1344
1079
987
2329
433
463
527
637
772
889
896
887
962
1078
1382
1487
1652
1423
1390
3803
428
444
476
558
701
835
929
870
887
1010
1113
1218
1174
1278
1005
2360
409
425
457
535
672
796
884
880
870
944
1056
1355
1453
1607
1371
3860
395
419
437
482
584
721
829
913
853
868
988
1082
1175
1113
1188
2388
378
400
418
462
560
691
791
869
863
852
926
1033
1324
1410
1546
3866
2212
2067
2002
1686
1717
1758
2094
1741
1319
918
566
354
215
139
86
93
2196
2039
1896
1833
1738
2002
2043
1665
1230
840
543
380
242
147
128
148
2487
2514
2700
2323
2405
2358
2547
2329
2029
1463
987
640
390
225
134
142
2443
2440
2575
2469
2444
2616
2620
2369
1924
1421
965
673
410
259
193
242
2569
2806
3339
2935
3089
2899
2839
2856
2865
2138
1584
1067
651
332
190
200
2493
2675
3208
3047
3151
3133
3081
3095
2758
2206
1570
1097
636
421
268
363
2881
2708
3027
3747
3534
3581
3188
3020
2985
2952
2184
1586
1039
610
296
261
2753
2633
2898
3629
3680
3688
3471
3310
3267
2889
2294
1613
1110
634
406
466
3065
2929
2804
3291
4207
3883
3734
3267
3059
2997
2925
2127
1507
955
535
370
2927
2803
2734
3165
4109
4065
3883
3585
3382
3314
2911
2285
1592
1075
597
637
3100
3088
2983
2968
3615
4444
3952
3759
3272
3046
2953
2837
2016
1383
837
617
2959
2951
2861
2902
3496
4367
4155
3930
3616
3400
3312
2886
2242
1537
1013
913
3003
3110
3122
3095
3177
3734
4452
3951
3746
3247
2995
2866
2695
1858
1220
1001
2865
2972
2985
2974
3115
3621
4386
4172
3941
3616
3388
3280
2834
2172
1458
1455
2864
3010
3136
3230
3271
3268
3729
4443
3938
3719
3199
2912
2731
2498
1653
1537
2733
2874
2998
3094
3148
3206
3625
4395
4177
3937
3604
3356
3224
2755
2071
2202
2721
2862
3023
3225
3379
3322
3238
3705
4420
3904
3660
3112
2782
2542
2237
2207
2596
2733
2889
3088
3243
3202
3185
3616
4383
4166
3918
3569
3306
3142
2638
3226
2587
2720
2874
3105
3366
3419
3291
3217
3685
4389
3853
3575
2989
2604
2295
3098
2467
2597
2747
2973
3228
3285
3180
3177
3611
4374
4155
3893
3526
3234
3029
4422
2491
2580
2725
2943
3224
3393
3381
3268
3193
3651
4326
3755
3425
2793
2345
3680
2376
2465
2607
2818
3094
3262
3259
3168
3167
3601
4362
4122
3839
3444
3110
5553
3574
3519
3929
4394
4396
4035
3705
3470
3189
2663
2265
1813
1565
1236
829
753
3623
3415
3910
4493
4673
4167
3885
3905
3499
3154
2772
2133
1985
1494
1105
1297
3068
3177
3623
3759
4055
3965
3617
3392
3218
2778
2479
1987
1667
1313
956
1028
3028
3079
3573
3760
4186
4149
3885
3777
3500
3264
2963
2411
2169
1650
1344
1725
2585
2817
3282
3159
3674
3826
3469
3257
3188
2847
2664
2137
1743
1371
1083
1378
2486
2728
3207
3089
3682
4055
3814
3588
3443
3320
3111
2678
2329
1792
1606
2256
2747
2431
2663
3169
3112
3551
3601
3228
3012
2941
2598
2403
1881
1483
1110
1477
2627
2341
2583
3109
3057
3579
3847
3583
3358
3218
3095
2884
2457
2108
1577
2610
2489
2631
2322
2598
3173
3057
3392
3409
3037
2824
2739
2381
2163
1635
1231
1595
2382
2519
2238
2528
3126
3017
3437
3675
3404
3186
3047
2914
2697
2261
1896
2865
2280
2413
2564
2310
2664
3193
2974
3268
3280
2902
2676
2568
2186
1924
1388
1813
2182
2313
2458
2232
2600
3156
2949
3333
3565
3289
3070
2924
2779
2534
2076
3390
2074
2217
2358
2562
2389
2703
3131
2877
3157
3154
2767
2522
2377
1959
1654
2086
1984
2127
2263
2461
2315
2643
3106
2867
3240
3455
3184
2960
2803
2629
2350
3933
1931
2020
2173
2367
2655
2441
2657
3050
2785
3053
3026
2622
2346
2153
1702
2476
1849
1938
2083
2274
2553
2368
2605
3036
2791
3153
3355
3079
2846
2665
2456
4561
1847
1886
1984
2185
2467
2719
2408
2588
2968
2695
2938
2880
2450
2137
1888
2769
1768
1807
1902
2102
2374
2617
2342
2547
2969
2718
3071
3258
2971
2719
2507
5082
1760
1807
1853
1999
2285
2531
2689
2347
2518
2887
2600
2810
2711
2248
1890
3120
1683
1732
1778
1921
2201
2439
2596
2292
2491
2905
2651
2991
3159
2851
2572
5507
1660
1718
1771
1863
2080
2336
2498
2626
2278
2442
2787
2480
2641
2484
1983
3322
1589
1645
1701
1791
2003
2254
2414
2543
2235
2430
2835
2575
2894
3028
2693
5830
4250
3986
4498
5191
5533
4887
4223
3848
3404
3189
2767
2164
1772
1261
896
777
4123
3918
4425
5399
5851
5128
4476
4455
4154
4130
3504
2649
2204
1697
1256
1279
3674
3655
4202
4461
4937
4898
4423
3924
3399
3233
2801
2316
1863
1378
994
1038
3590
3567
4114
4534
5223
5162
4750
4477
4065
3997
3602
2977
2499
1889
1456
1769
3107
3283
3847
3753
4315
4811
4536
3915
3325
3212
2774
2429
1920
1477
1081
1356
3061
3180
3745
3728
4568
5087
4936
4401
3895
3788
3624
3277
2775
2056
1655
2400
3265
2916
3095
3707
3688
4153
4513
4212
3610
3042
2919
2478
2123
1619
1182
1440
3117
2880
3001
3620
3681
4427
4810
4626
4101
3615
3508
3333
2981
2479
1777
2657
2943
3118
2777
3008
3693
3602
3947
4255
3951
3364
2807
2661
2207
1832
1324
1599
2811
2980
2748
2922
3623
3611
4232
4573
4379
3869
3395
3276
3084
2710
2192
2969
2611
2823
3000
2720
3034
3659
3452
3751
4035
3720
3138
2579
2404
1927
1525
1836
2496
2701
2871
2699
2958
3601
3476
4052
4363
4168
3668
3195
3061
2836
2428
3563
2336
2520
2732
2968
2777
3034
3548
3304
3584
3843
3508
2921
2352
2127
1629
2156
2235
2411
2618
2844
2763
2965
3506
3344
3897
4187
3986
3486
3015
2845
2577
4197
2159
2262
2450
2722
3043
2800
2955
3428
3176
3438
3660
3298
2693
2104
1824
2463
2068
2167
2348
2613
2920
2791
2896
3398
3230
3766
4039
3822
3321
2828
2615
4792
2036
2096
2204
2450
2806
3080
2735
2853
3314
3052
3285
3456
3061
2429
1820
2810
1947
2008
2115
2350
2698
2961
2733
2806
3299
3123
3641
3887
3655
3132
2615
5240
1922
1981
2048
2210
2536
2850
3022
2649
2759
3205
2924
3117
3230
2782
2123
3052
1838
1897
1963
2122
2438
2745
2913
2656
2727
3210
3025
3520
3738
3473
2923
5574
1801
1868
1933
2048
2280
2569
2795
2935
2556
2659
3075
2772
2910
2935
2429
3403
1723
1788
1853
1967
2193
2476
2697
2837
2577
2644
3117
2919
3383
3547
3236
6022
359
360
390
498
624
498
447
402
425
369
315
244
224
181
174
225
334
330
413
509
661
666
487
530
516
452
464
367
304
296
320
608
354
345
358
445
577
582
541
485
435
389
364
292
253
191
169
254
359
345
372
422
646
717
612
584
501
492
484
403
362
296
290
680
344
328
328
398
533
681
655
586
449
408
421
350
285
199
161
285
382
357
334
349
627
773
766
643
489
536
508
444
431
296
264
761
528
351
339
353
444
572
698
667
591
451
406
411
333
262
175
284
505
390
370
361
397
675
805
786
658
498
541
508
439
418
279
705
484
539
365
371
406
493
603
724
681
598
452
398
394
309
232
297
464
516
408
407
417
449
714
836
810
672
507
543
504
430
398
694
447
502
569
414
444
470
534
635
750
700
609
455
390
372
281
362
428
482
548
463
488
485
494
753
879
840
692
522
549
499
416
813
430
457
523
615
482
494
498
553
648
754
702
600
440
366
334
438
411
438
502
597
538
547
518
516
773
889
852
696
520
538
480
904
443
435
469
561
680
525
511
509
561
653
756
688
578
412
330
526
425
418
450
540
663
585
566
531
526
781
895
850
691
511
517
1029
458
444
441
490
602
706
527
511
510
559
646
736
660
539
371
585
439
427
424
472
581
691
590
570
534
528
781
889
839
672
491
1139
444
457
446
452
511
609
699
524
508
505
552
632
708
620
489
661
425
437
428
434
494
590
685
589
568
532
527
775
878
821
649
1200
416
444
459
458
471
516
603
695
522
505
500
539
607
665
561
792
398
425
440
439
452
499
585
682
588
566
530
523
764
859
790
1371
1614
1358
1469
1973
3295
3494
2944
2459
2051
1815
1531
1168
885
752
709
902
1502
1358
1528
2259
3466
3613
3068
2742
2751
2506
2226
1607
1450
1356
1298
2127
1484
1305
1409
1846
3446
4059
3425
2670
2229
1981
1703
1390
1073
841
699
1024
1433
1273
1418
1990
3447
4084
3415
2808
2621
2464
2353
1931
1693
1371
1247
2385
1349
1235
1329
1702
3550
4646
3925
2856
2388
2129
1865
1632
1280
929
683
1146
1346
1175
1295
1727
3380
4549
3742
2831
2460
2390
2449
2286
1948
1371
1181
2632
2150
1357
1252
1376
1808
3628
4636
3916
2849
2373
2102
1818
1554
1183
822
1187
2046
1357
1193
1347
1841
3470
4560
3756
2840
2462
2382
2419
2229
1865
1276
2626
2001
2157
1370
1292
1442
1844
3606
4615
3896
2826
2341
2046
1733
1442
1051
1337
1906
2054
1370
1233
1412
1878
3461
4560
3751
2831
2448
2349
2360
2140
1743
2740
1600
2004
2169
1408
1347
1461
1828
3589
4584
3860
2784
2281
1956
1614
1291
1632
1525
1911
2068
1407
1288
1430
1867
3450
4541
3734
2811
2413
2295
2273
2012
3251
1189
1601
2014
2221
1472
1364
1449
1820
3569
4550
3807
2716
2188
1827
1451
2020
1134
1526
1921
2118
1473
1304
1421
1862
3440
4520
3706
2773
2363
2218
2149
3851
999
1189
1607
2065
2312
1494
1351
1442
1812
3541
4492
3720
2612
2053
1654
2407
952
1134
1534
1971
2204
1492
1293
1417
1856
3422
4484
3659
2720
2290
2107
4402
996
997
1191
1644
2145
2330
1475
1343
1435
1799
3499
4393
3584
2459
1871
2827
949
950
1136
1568
2043
2218
1474
1286
1411
1846
3397
4430
3593
2641
2188
4753
1061
994
999
1221
1710
2162
2306
1466
1338
1431
1782
3438
4253
3396
2260
3297
1009
947
953
1163
1628
2055
2194
1467
1280
1406
1837
3366
4369
3506
2537
5089
1087
1058
998
1023
1264
1720
2138
2295
1460
1330
1416
1752
3330
4032
3117
3894
1033
1006
949
974
1205
1637
2032
2182
1460
1276
1398
1820
3318
4260
3365
5596
1253
1179
1323
1620
1758
1573
1331
1407
1330
1114
947
647
708
641
578
706
1223
1101
1311
1603
1859
1610
1525
1614
1596
1473
1169
976
1007
974
1000
1556
1273
1183
1292
1485
1933
1986
1696
1579
1374
1253
1088
841
742
574
531
782
1242
1135
1300
1434
1877
1918
1790
1637
1545
1529
1292
1147
1026
928
911
1715
1294
1190
1260
1364
2128
2509
2165
1776
1425
1411
1253
1094
778
517
489
868
1259
1174
1295
1284
1896
2287
2104
1660
1500
1590
1430
1352
1050
884
830
1894
2179
1296
1200
1291
1418
2140
2474
2135
1749
1394
1366
1192
1013
694
435
821
2088
1265
1187
1333
1346
1924
2280
2099
1657
1494
1576
1406
1309
998
814
1843
1901
2179
1304
1230
1335
1427
2109
2438
2101
1710
1353
1302
1107
907
589
773
1822
2090
1273
1219
1387
1363
1908
2266
2089
1644
1478
1547
1362
1248
925
1827
1594
1897
2184
1330
1269
1338
1404
2082
2402
2058
1660
1293
1214
998
779
877
1526
1818
2094
1301
1263
1393
1347
1895
2255
2068
1624
1450
1501
1300
1161
1942
1471
1588
1899
2223
1378
1271
1318
1387
2054
2358
2002
1591
1211
1103
866
1089
1409
1522
1822
2136
1350
1270
1376
1337
1883
2234
2044
1595
1410
1440
1219
2234
1520
1464
1588
1936
2295
1384
1251
1303
1368
2017
2298
1923
1498
1107
964
1294
1455
1404
1522
1859
2209
1359
1251
1366
1326
1866
2201
2009
1554
1357
1354
2494
1620
1514
1465
1619
2000
2301
1358
1235
1287
1348
1972
2215
1819
1376
977
1498
1548
1449
1405
1553
1923
2218
1338
1241
1357
1316
1846
2168
1963
1501
1287
2788
1638
1615
1514
1496
1676
2007
2267
1343
1223
1271
1321
1910
2107
1685
1224
1656
1565
1544
1452
1437
1610
1931
2189
1328
1234
1349
1305
1824
2128
1905
1431
2946
1595
1631
1615
1544
1542
1679
1977
2242
1329
1207
1246
1281
1817
1951
1497
1930
1523
1558
1545
1481
1483
1614
1905
2172
1319
1226
1338
1289
1788
2063
1814
3167
998
936
907
1020
1352
1299
1081
953
901
705
602
436
435
350
312
389
901
798
895
1114
1322
1240
1089
1084
962
874
733
612
644
507
502
725
1034
1000
1014
1121
1542
1538
1353
1102
1009
826
735
561
469
361
333
426
987
907
998
1098
1480
1510
1339
1180
1072
992
842
736
656
514
519
838
1068
1058
1124
1222
1746
1808
1683
1264
1121
962
891
717
502
375
355
461
1072
1023
1104
1072
1646
1827
1635
1275
1186
1118
959
880
661
513
534
963
1561
1083
1086
1194
1348
1846
1846
1700
1269
1117
949
862
677
456
324
521
1494
1089
1055
1177
1197
1754
1878
1669
1296
1199
1125
954
865
639
483
1058
1420
1567
1099
1133
1274
1401
1849
1840
1690
1258
1096
914
812
617
397
539
1359
1501
1106
1103
1262
1252
1768
1892
1674
1299
1196
1110
934
832
599
1084
1290
1424
1581
1138
1199
1308
1398
1840
1832
1669
1232
1059
865
743
539
617
1234
1362
1515
1148
1172
1298
1255
1770
1893
1670
1291
1183
1088
902
784
1220
1198
1289
1430
1620
1196
1218
1298
1389
1826
1809
1636
1191
1005
795
656
779
1147
1235
1370
1555
1209
1193
1293
1254
1763
1881
1658
1275
1159
1053
855
1479
1211
1197
1295
1471
1692
1218
1208
1290
1379
1806
1776
1587
1134
929
706
974
1159
1145
1240
1409
1625
1231
1185
1288
1250
1757
1868
1639
1252
1124
1003
1727
1252
1209
1200
1327
1532
1708
1201
1199
1282
1364
1773
1721
1513
1054
830
1140
1197
1158
1149
1273
1470
1644
1219
1179
1284
1244
1744
1844
1611
1219
1077
2023
1316
1248
1211
1227
1375
1538
1685
1191
1189
1270
1343
1729
1654
1414
951
1350
1257
1194
1159
1176
1321
1479
1625
1212
1175
1279
1237
1729
1824
1575
1175
2296
1269
1310
1249
1236
1266
1379
1515
1669
1180
1176
1250
1308
1656
1545
1273
1571
1213
1254
1195
1184
1215
1325
1460
1614
1204
1169
1272
1227
1705
1780
1516
2562
1069
927
872
999
1260
1247
1124
1139
992
757
555
376
288
275
221
265
966
830
836
1025
1237
1163
1127
1148
1022
795
599
463
417
368
363
505
975
909
912
1032
1389
1472
1317
1223
1039
836
677
482
379
301
208
271
891
852
900
997
1371
1368
1285
1171
1025
864
726
568
453
369
325
541
883
885
949
1064
1526
1727
1536
1307
1080
919
821
615
496
326
196
274
819
872
964
962
1511
1601
1459
1187
1026
935
873
693
491
368
289
575
1516
872
880
962
1121
1573
1714
1502
1269
1041
877
770
560
435
271
285
1455
809
867
982
1022
1568
1608
1445
1168
1007
915
848
666
463
337
590
1301
1500
864
893
1015
1168
1566
1684
1463
1228
997
824
707
497
366
349
1246
1441
805
886
1040
1073
1573
1589
1424
1148
988
890
816
629
427
648
1148
1286
1492
878
948
1056
1168
1541
1642
1418
1179
942
762
630
422
462
1098
1232
1433
819
943
1085
1080
1558
1565
1399
1124
961
858
776
584
769
1029
1128
1270
1508
926
981
1052
1141
1501
1592
1359
1113
871
681
539
574
982
1081
1220
1452
866
977
1084
1063
1530
1538
1364
1091
924
816
722
983
1022
1012
1117
1290
1576
967
978
1034
1115
1458
1534
1291
1035
784
588
733
977
969
1071
1240
1522
908
978
1071
1044
1502
1504
1328
1053
883
764
1247
1065
1005
999
1132
1363
1636
969
960
1010
1083
1407
1462
1204
938
685
868
1018
963
959
1089
1312
1572
913
965
1054
1024
1473
1467
1287
1010
832
1462
1083
1050
994
1016
1200
1417
1633
953
941
985
1049
1348
1374
1101
825
1034
1033
1004
954
975
1155
1367
1586
902
950
1036
1002
1441
1426
1239
957
1672
1064
1067
1038
1009
1072
1245
1414
1617
932
915
954
1002
1267
1257
966
1234
1015
1018
995
969
1031
1201
1368
1563
886
934
1017
979
1402
1374
1175
1913
13766
12083
11861
12388
12091
11337
10438
9003
7358
5766
4365
3012
2207
1625
1072
1151
13434
11869
12107
12998
13006
11929
10878
9773
8055
6389
5010
3547
2932
2120
1566
1770
11854
11734
12415
12037
12268
11906
10731
9450
8238
6576
5266
3810
2782
1925
1318
1489
11614
11602
12695
12557
13017
12576
11594
10311
9045
7494
6096
4526
3654
2561
1935
2406
9968
11125
12687
11418
12150
12208
10770
9682
9007
7320
6202
4704
3424
2227
1581
1877
9801
11070
12995
11841
12719
12944
12062
10620
9917
8581
7239
5640
4444
3016
2332
3193
12358
9520
10702
12423
11404
11915
11631
10143
9073
8397
6731
5610
4143
2900
1775
2033
11809
9370
10653
12771
11908
12568
12443
11494
10081
9394
8081
6757
5189
4002
2617
3616
11701
11930
9174
10551
12549
11335
11466
11068
9585
8515
7808
6144
5004
3557
2355
2294
11177
11407
9037
10535
12971
11906
12185
11947
10991
9598
8915
7601
6280
4719
3529
4143
10985
11349
11640
9112
10817
12622
11021
11023
10589
9105
8008
7239
5557
4371
2944
2921
10490
10854
11136
9001
10849
13107
11647
11800
11531
10575
9189
8485
7151
5795
4222
5292
10338
10719
11127
11667
9470
11022
12410
10680
10636
10160
8640
7484
6624
4911
3676
3756
9873
10249
10650
11183
9384
11090
12948
11356
11471
11174
10202
8799
8049
6664
5257
6651
10015
10123
10547
11223
12152
9777
10897
12125
10358
10264
9714
8135
6897
5922
4182
4824
9562
9677
10092
10756
11679
9706
11000
12700
11077
11162
10833
9823
8390
7562
6104
8411
9837
9821
9976
10664
11775
12539
9710
10654
11813
10020
9854
9200
7540
6208
5105
5869
9392
9389
9545
10220
11313
12067
9670
10802
12447
10802
10857
10473
9410
7919
6985
10262
9698
9682
9713
10128
11259
12217
12504
9527
10410
11506
9671
9395
8603
6855
5416
7258
9254
9252
9292
9707
10811
11759
12076
9529
10605
12207
10549
10550
10092
8951
7378
12259
9498
9529
9559
9838
10645
11648
12167
12288
9286
10114
11111
9204
8776
7816
5965
8283
9063
9103
9142
9424
10224
11210
11739
11900
9333
10377
11924
10234
10155
9589
8325
13835
1383
1280
1675
2134
2513
2255
2016
1834
1775
1638
1469
1185
1045
855
680
741
1310
1375
1633
2177
2561
2422
2115
2248
2165
2062
1882
1451
1317
1116
935
1458
1319
1248
1476
1780
2504
2548
2244
1914
1773
1675
1540
1314
1126
889
755
956
1218
1267
1447
1797
2400
2663
2379
2221
2087
2068
1952
1676
1470
1188
1025
1803
1229
1191
1275
1454
2442
2822
2447
1955
1735
1683
1584
1427
1187
909
820
1209
1110
1144
1254
1453
2203
2869
2620
2146
1972
2029
1983
1897
1607
1239
1101
2188
1466
1205
1174
1281
1514
2487
2786
2385
1898
1679
1618
1505
1327
1070
784
1294
1398
1088
1130
1265
1518
2253
2844
2568
2096
1924
1975
1917
1815
1512
1133
2253
1321
1441
1188
1185
1338
1561
2460
2727
2321
1840
1618
1541
1404
1204
929
1338
1259
1376
1074
1143
1322
1566
2237
2798
2514
2047
1873
1912
1839
1714
1393
2353
1141
1297
1425
1201
1245
1382
1549
2413
2665
2257
1775
1546
1445
1281
1055
1503
1089
1238
1361
1086
1201
1367
1559
2201
2748
2459
1994
1815
1838
1745
1590
2676
935
1122
1281
1441
1266
1288
1376
1520
2364
2595
2185
1699
1452
1324
1131
1722
894
1071
1225
1378
1146
1244
1363
1534
2163
2693
2403
1937
1751
1753
1630
3087
828
922
1111
1303
1518
1321
1289
1359
1490
2313
2524
2100
1606
1342
1180
1936
791
881
1062
1246
1451
1198
1246
1349
1507
2123
2636
2343
1875
1678
1651
3424
798
817
913
1131
1381
1582
1324
1273
1336
1457
2256
2436
1996
1490
1204
2114
763
782
874
1083
1320
1510
1203
1231
1328
1481
2084
2580
2277
1803
1588
3680
794
787
809
930
1201
1440
1585
1307
1251
1311
1421
2187
2325
1861
1347
2272
757
752
774
891
1150
1375
1516
1189
1215
1309
1456
2042
2514
2198
1716
3827
778
783
779
823
986
1250
1440
1564
1284
1227
1280
1373
2085
2170
1681
2470
741
746
744
788
942
1195
1377
1499
1170
1194
1285
1424
1991
2430
2092
4017
7426
7017
7002
7406
7109
6405
6203
5431
4743
3620
2728
1853
1461
1138
768
802
7256
6764
6826
7650
7471
6992
6510
6017
5204
4245
3239
2239
1913
1470
1195
1355
6251
6327
6660
6704
6887
6588
6193
5319
4822
3902
3219
2271
1702
1241
866
1003
6059
6027
6534
6816
7103
7169
6643
5952
5315
4649
3817
2815
2295
1640
1330
1748
5180
5614
6234
5971
6566
6669
6085
5125
4827
4139
3737
2737
1951
1332
960
1235
4979
5287
6155
5975
6649
7235
6675
5794
5340
5010
4425
3482
2709
1802
1457
2219
6053
4889
5324
6011
5865
6327
6263
5671
4743
4454
3770
3359
2395
1646
1061
1287
5771
4704
5012
5953
5900
6441
6844
6274
5421
4983
4656
4075
3160
2410
1542
2354
5522
5814
4680
5214
6029
5779
6052
5930
5342
4433
4131
3437
2999
2060
1342
1422
5266
5546
4507
4915
5996
5839
6194
6531
5958
5125
4692
4349
3764
2855
2110
2554
5048
5348
5663
4644
5332
6046
5609
5814
5678
5084
4175
3842
3123
2638
1719
1751
4815
5105
5406
4480
5045
6039
5693
5983
6301
5723
4898
4457
4087
3468
2551
3205
4649
4904
5217
5652
4788
5391
5917
5413
5595
5436
4823
3901
3522
2768
2230
2240
4435
4683
4986
5404
4631
5111
5921
5520
5788
6083
5499
4673
4211
3794
3133
4006
4523
4535
4808
5243
5860
4905
5305
5753
5237
5396
5200
4547
3603
3161
2370
2934
4316
4331
4592
5014
5610
4751
5043
5783
5364
5612
5882
5280
4443
3941
3464
5023
4448
4421
4454
4843
5472
6003
4844
5170
5601
5060
5177
4924
4224
3251
2737
3473
4243
4223
4256
4631
5241
5763
4703
4928
5650
5213
5440
5670
5044
4179
3627
5964
4326
4359
4354
4500
5080
5636
5952
4732
5036
5441
4876
4934
4609
3847
2844
4119
4124
4161
4160
4306
4866
5404
5725
4609
4817
5520
5070
5266
5449
4779
3877
6755
4172
4233
4284
4390
4697
5216
5580
5830
4598
4880
5246
4637
4613
4192
3361
4561
3979
4040
4093
4199
4501
5004
5360
5614
4494
4692
5370
4900
5051
5159
4427
7453
891
780
896
1134
1285
1101
1042
1042
949
815
703
515
511
412
454
548
835
744
899
1174
1322
1193
1183
1113
1168
1080
917
766
760
707
716
1135
1000
905
974
1089
1319
1356
1338
1249
1116
981
863
671
584
458
444
650
927
852
977
1105
1425
1485
1483
1370
1279
1217
1121
950
838
748
729
1319
1097
1026
1035
1022
1329
1636
1679
1466
1287
1157
1037
859
655
499
426
755
1005
957
1038
1019
1503
1808
1819
1651
1368
1341
1341
1154
905
774
727
1497
1329
1118
1063
1114
1151
1437
1693
1714
1482
1290
1146
1008
814
598
431
736
1269
1027
996
1125
1162
1635
1892
1877
1687
1392
1353
1336
1133
872
721
1533
1221
1341
1142
1124
1216
1224
1460
1703
1712
1474
1271
1108
949
740
518
739
1169
1283
1053
1059
1235
1248
1671
1917
1893
1696
1393
1339
1305
1087
811
1566
1106
1225
1354
1186
1196
1256
1227
1457
1693
1691
1445
1226
1045
867
645
822
1059
1173
1298
1097
1132
1278
1256
1677
1919
1887
1687
1374
1306
1251
1015
1690
1012
1107
1233
1392
1252
1222
1249
1220
1446
1676
1658
1396
1160
961
763
978
966
1059
1183
1337
1160
1160
1276
1256
1673
1912
1874
1662
1342
1258
1177
1959
990
1011
1114
1272
1459
1279
1215
1243
1212
1431
1641
1607
1327
1073
849
1171
947
968
1067
1221
1403
1186
1155
1274
1254
1666
1897
1850
1628
1296
1190
2289
994
988
1014
1141
1324
1475
1262
1206
1235
1199
1405
1593
1531
1232
957
1367
951
946
972
1096
1272
1420
1174
1150
1269
1247
1653
1870
1812
1577
1234
2531
978
991
989
1037
1184
1331
1456
1249
1196
1223
1181
1370
1524
1428
1108
1588
935
949
948
994
1138
1279
1403
1167
1144
1263
1238
1635
1839
1763
1507
2748
933
976
992
1010
1071
1187
1312
1443
1239
1183
1204
1150
1310
1422
1282
1828
892
933
950
969
1028
1142
1264
1393
1160
1139
1256
1226
1607
1786
1684
3112
1828
1762
1961
2537
3022
2652
2441
2391
2135
1985
1845
1592
1457
1083
891
1015
1757
1716
2058
2627
3515
3246
2673
2756
2650
2491
2427
2070
1712
1369
1233
1859
1725
1624
1746
2027
2586
2664
2624
2431
2199
2089
1942
1733
1491
1156
998
1287
1665
1651
1824
2054
2929
3156
2898
2855
2561
2547
2483
2224
1873
1550
1338
2345
1605
1479
1534
1598
2185
2640
2786
2444
2239
2171
2018
1863
1503
1219
1104
1611
1556
1570
1596
1587
2409
3028
3102
2922
2445
2571
2508
2359
2021
1733
1435
2919
1845
1554
1437
1519
1628
2184
2561
2687
2343
2142
2067
1899
1722
1348
1049
1741
1757
1508
1529
1585
1621
2414
2951
3002
2823
2353
2473
2400
2238
1887
1580
2980
1602
1798
1517
1434
1558
1645
2133
2478
2591
2257
2051
1961
1771
1561
1175
1810
1529
1714
1472
1531
1627
1641
2367
2871
2912
2739
2273
2386
2295
2110
1738
3197
1351
1562
1763
1519
1485
1585
1615
2074
2402
2507
2168
1953
1835
1616
1371
1986
1290
1492
1683
1476
1586
1658
1614
2309
2797
2830
2656
2191
2288
2173
1958
3533
1175
1317
1529
1767
1578
1512
1561
1568
2015
2328
2417
2068
1834
1682
1427
2275
1123
1257
1461
1687
1534
1617
1636
1570
2250
2721
2747
2571
2106
2177
2028
3982
1117
1151
1295
1544
1846
1629
1500
1530
1530
1963
2256
2321
1956
1695
1501
2522
1066
1100
1239
1476
1764
1582
1605
1606
1533
2200
2656
2670
2486
2015
2051
4382
1105
1095
1134
1312
1625
1907
1621
1473
1499
1492
1908
2175
2204
1815
1526
2755
1056
1048
1085
1254
1554
1821
1576
1578
1577
1500
2154
2592
2591
2393
1908
4691
1081
1087
1082
1152
1386
1685
1902
1594
1447
1468
1455
1849
2077
2062
1650
2956
1031
1039
1034
1103
1325
1612
1819
1554
1552
1550
1471
2109
2527
2507
2284
4818
1017
1063
1074
1097
1211
1435
1680
1874
1561
1414
1433
1406
1764
1942
1873
3159
972
1015
1026
1050
1162
1373
1608
1795
1526
1524
1521
1435
2057
2444
2392
5206
3079
3185
3584
3960
3942
3595
3671
3856
3473
2920
2236
1674
1310
1057
690
770
3018
3048
3536
3926
4309
4182
4348
4534
3977
3371
2675
1975
1712
1242
1092
1351
3019
3083
3466
3650
3805
3890
4026
3898
3664
3254
2664
2044
1554
1209
842
1008
2919
2943
3420
3590
4127
4443
4712
4607
4233
3785
3179
2494
2073
1509
1278
1817
2912
2937
3296
3309
3612
4140
4344
3881
3802
3567
3120
2457
1813
1359
1007
1300
2776
2796
3253
3228
3889
4642
5019
4609
4430
4180
3717
3094
2468
1802
1469
2403
3120
2916
2960
3380
3452
3655
4095
4305
3843
3752
3493
3012
2317
1655
1185
1498
2979
2784
2823
3348
3382
3952
4619
5012
4603
4418
4157
3671
3023
2374
1692
2771
2828
3119
2931
3034
3504
3483
3610
4054
4264
3789
3674
3376
2848
2126
1453
1767
2703
2983
2800
2898
3480
3424
3924
4605
4993
4582
4390
4105
3591
2915
2239
3230
2554
2826
3131
3002
3158
3540
3446
3583
4019
4206
3717
3561
3204
2630
1880
2169
2443
2705
2996
2876
3025
3521
3399
3913
4590
4969
4553
4339
4025
3478
2767
4055
2338
2552
2835
3197
3126
3181
3501
3418
3555
3973
4135
3608
3391
2970
2339
2767
2236
2442
2715
3065
2996
3052
3493
3388
3900
4569
4937
4503
4264
3913
3323
5105
2230
2334
2559
2901
3315
3153
3144
3479
3395
3521
3912
4020
3451
3162
2663
3525
2134
2235
2451
2782
3179
3025
3021
3479
3376
3884
4545
4891
4436
4160
3755
6335
2142
2225
2340
2618
3010
3339
3110
3120
3457
3367
3471
3817
3855
3230
2857
4271
2049
2134
2244
2512
2887
3205
2989
3008
3470
3367
3868
4510
4830
4342
4015
7575
2049
2139
2232
2396
2718
3029
3300
3086
3103
3433
3327
3397
3677
3626
2938
4932
1962
2051
2142
2301
2611
2910
3174
2977
3002
3466
3360
3848
4466
4743
4209
8698
1925
2041
2139
2278
2474
2726
2988
3275
3063
3073
3388
3251
3268
3454
3291
5384
1844
1959
2056
2192
2381
2624
2877
3158
2965
2992
3453
3338
3805
4379
4590
9618
9580
8553
8826
9641
9729
9169
8269
7094
6127
4879
3616
2425
1749
1161
746
779
9295
8472
8960
10050
10550
9601
8671
8011
6858
5451
4069
2734
2116
1568
1182
1308
8786
8405
9145
9031
9747
9765
9103
7870
6699
5345
4343
3110
2234
1453
970
1018
8420
8207
9112
9273
10341
10427
9761
8735
7500
6209
5050
3688
2788
1945
1460
1790
7913
8110
9307
8307
9585
10213
9843
8574
7195
5751
5124
3917
2803
1784
1235
1308
7489
7808
9097
8404
9956
11122
10791
9348
8054
6947
6159
4886
3610
2366
1772
2408
8603
7713
7949
9304
8548
9686
9972
9496
8233
6871
5433
4770
3555
2453
1477
1578
8220
7306
7660
9121
8694
10120
10949
10508
9073
7800
6701
5899
4623
3351
2130
2873
8121
8411
7567
7976
9611
8721
9513
9662
9153
7887
6524
5077
4359
3137
2056
1923
7760
8045
7172
7705
9463
8914
10002
10694
10225
8801
7541
6432
5607
4315
3044
3475
7573
7957
8278
7620
8327
9848
8622
9271
9364
8812
7528
6140
4667
3885
2662
2583
7234
7611
7928
7236
8074
9733
8855
9807
10446
9955
8539
7271
6141
5272
3957
4656
7117
7429
7842
8347
8000
8585
9774
8425
9016
9056
8449
7118
5684
4187
3334
3448
6803
7109
7511
8008
7618
8345
9696
8697
9601
10196
9690
8260
6974
5810
4879
6221
6918
6990
7331
7938
8752
8291
8535
9593
8210
8751
8722
8026
6627
5143
3626
4500
6613
6689
7021
7613
8408
7909
8319
9558
8519
9390
9949
9403
7949
6632
5411
8055
6805
6806
6910
7441
8377
9084
8271
8386
9383
7987
8460
8327
7515
6038
4506
5390
6506
6515
6620
7136
8046
8739
7912
8204
9394
8346
9187
9685
9087
7597
6226
9742
6601
6705
6737
7023
7869
8704
9076
8134
8213
9174
7740
8115
7844
6899
5338
6658
6307
6416
6452
6739
7558
8372
8753
7809
8069
9243
8180
8970
9402
8727
7177
11594
6339
6493
6627
6830
7396
8157
8685
8931
7955
8003
8901
7409
7637
7195
6089
8021
6057
6213
6346
6552
7108
7851
8370
8640
7672
7917
9058
7978
8697
9021
8234
13569
5989
5635
6180
6409
6180
5825
5584
5463
4765
3690
2975
2110
1655
1269
986
933
5697
5503
6134
6682
6538
6387
6123
6088
5216
4355
3382
2618
2214
1759
1367
1532
5107
5171
5890
5885
6212
5996
5606
5241
4770
4024
3386
2505
1918
1429
1055
1197
4860
4990
5787
5994
6477
6560
6105
5882
5316
4793
3961
3163
2568
2002
1541
2037
4284
4665
5519
5313
6142
6070
5530
4942
4695
4317
3788
2926
2184
1582
1108
1512
4076
4449
5366
5284
6306
6625
5984
5588
5326
5187
4561
3757
2929
2242
1708
2663
5098
4075
4458
5373
5279
5994
5759
5200
4626
4377
3983
3444
2595
1869
1282
1559
4869
3881
4256
5242
5279
6192
6339
5677
5289
5030
4885
4262
3469
2653
1970
2892
4687
4920
3923
4389
5433
5248
5777
5491
4930
4358
4090
3668
3103
2258
1545
1749
4479
4707
3740
4202
5325
5272
6001
6094
5430
5049
4785
4620
3985
3187
2368
3294
4289
4542
4796
3895
4497
5461
5098
5560
5263
4702
4119
3817
3352
2744
1899
2100
4099
4346
4592
3723
4319
5369
5148
5816
5888
5230
4847
4570
4375
3707
2888
3954
3923
4181
4448
4803
4042
4577
5369
4942
5376
5062
4480
3872
3520
2995
2341
2601
3752
4002
4260
4606
3874
4407
5296
5013
5660
5715
5054
4659
4356
4109
3401
4854
3763
3839
4110
4482
5000
4163
4522
5244
4797
5201
4857
4241
3594
3175
2584
3258
3598
3674
3936
4298
4803
3994
4365
5193
4890
5510
5553
4879
4465
4118
3803
5906
3722
3687
3778
4152
4698
5149
4130
4421
5114
4648
5014
4621
3959
3263
2771
3857
3558
3530
3621
3983
4513
4953
3973
4284
5088
4771
5368
5385
4693
4242
3839
6944
3660
3658
3640
3830
4375
4862
5127
4047
4318
4985
4497
4799
4345
3626
2877
4416
3497
3500
3486
3676
4203
4677
4945
3908
4202
4991
4664
5229
5210
4487
3986
7726
3534
3590
3605
3680
4017
4514
4833
5032
3946
4198
4824
4293
4509
3975
3190
4814
3377
3435
3452
3530
3861
4344
4658
4868
3825
4111
4879
4533
5052
4977
4207
8334
12236
11164
11740
12496
12604
11472
10292
8500
7171
5911
4620
3025
2090
1217
728
779
11891
11074
11692
13195
13628
12088
10812
9714
8417
6785
5022
3422
2457
1620
1098
1393
11237
11112
12079
11967
12655
12330
11146
9504
8158
6531
5316
3860
2737
1667
1005
1024
10809
10955
12115
12308
13541
13158
12103
10636
9351
7790
6240
4630
3341
2200
1451
1870
10145
10873
12221
11269
12495
13029
11870
10451
9126
7095
6015
4843
3527
2245
1365
1323
9661
10655
12343
11290
13229
14087
13323
11452
10215
8795
7624
6157
4466
2939
1884
2469
11748
9894
10674
12225
11613
12651
12751
11454
10034
8713
6699
5590
4388
3079
1854
1671
11223
9427
10467
12387
11702
13473
13890
12981
11117
9891
8478
7291
5813
4132
2637
2976
11246
11516
9730
10741
12683
11906
12473
12387
11055
9623
8284
6259
5103
3868
2576
2233
10741
11011
9276
10564
12905
12058
13363
13598
12656
10797
9576
8142
6924
5420
3746
3918
10585
11029
11353
9804
11235
13024
11785
12165
12004
10644
9180
7789
5748
4537
3274
3119
10111
10547
10865
9369
11088
13291
11998
13118
13288
12322
10472
9229
7766
6497
4955
5465
10010
10393
10881
11456
10314
11595
12931
11526
11832
11608
10198
8672
7205
5149
3881
4190
9567
9942
10416
10985
9882
11473
13252
11796
12849
12975
11991
10121
8843
7330
5992
7502
9727
9840
10266
11024
12020
10719
11537
12700
11240
11486
11178
9681
8064
6512
4448
5326
9295
9416
9829
10569
11547
10291
11447
13065
11560
12571
12655
11626
9727
8392
6807
9738
9632
9565
9725
10414
11626
12468
10689
11329
12426
10926
11089
10656
9045
7332
5686
6467
9205
9153
9313
9985
11163
11991
10290
11283
12846
11316
12284
12301
11211
9266
7844
11900
9468
9488
9463
9882
11009
12076
12452
10508
11090
12133
10583
10624
10024
8288
6463
8165
9044
9074
9063
9476
10572
11612
12008
10151
11094
12623
11079
11982
11917
10739
8720
14260
9157
9310
9372
9595
10401
11406
12043
12250
10267
10802
11754
10120
9982
9178
7291
9737
8745
8902
8971
9197
9991
10973
11606
11849
9962
10878
12365
10788
11596
11403
10093
16486
2499
2514
2931
3235
3215
2871
2833
3031
2686
2315
1968
1564
1502
1263
1062
1142
2333
2375
2938
3305
3263
3218
3065
3338
3157
2796
2464
2058
1976
1752
1483
2117
2272
2350
2796
3002
3238
3110
3046
3023
2756
2590
2270
1846
1626
1292
1090
1439
2148
2274
2703
2907
3236
3430
3344
3347
3185
3119
2803
2405
2213
1830
1629
2655
2034
2166
2630
2746
3214
3322
3231
2974
2785
2857
2582
2149
1732
1306
1107
1787
1949
2147
2448
2520
3162
3603
3595
3304
3170
3428
3141
2769
2445
1887
1763
3285
2317
2042
2188
2706
2877
3260
3290
3203
2943
2744
2787
2479
2014
1566
1122
1809
2211
1958
2173
2529
2655
3227
3601
3593
3301
3159
3399
3086
2684
2320
1737
3455
2142
2318
2052
2244
2808
2906
3222
3258
3164
2894
2677
2679
2329
1829
1356
1867
2046
2213
1972
2237
2634
2694
3209
3584
3577
3278
3126
3335
2992
2551
2146
3586
1942
2141
2324
2100
2329
2827
2868
3192
3228
3114
2827
2579
2525
2130
1598
2118
1857
2046
2222
2022
2324
2660
2670
3191
3563
3547
3240
3068
3239
2858
2375
4074
1748
1940
2147
2375
2187
2348
2796
2844
3161
3177
3049
2733
2445
2325
1876
2486
1671
1856
2053
2273
2109
2344
2636
2657
3174
3536
3510
3186
2991
3108
2678
4629
1636
1745
1944
2194
2456
2199
2316
2773
2820
3125
3119
2956
2599
2262
2064
2949
1564
1668
1861
2099
2352
2121
2316
2620
2642
3150
3501
3454
3110
2881
2930
5289
1554
1633
1749
1988
2274
2472
2169
2295
2751
2789
3071
3031
2819
2417
2024
3392
1484
1561
1674
1903
2179
2369
2093
2304
2609
2625
3125
3454
3384
3008
2732
5960
1480
1549
1635
1788
2060
2286
2440
2150
2279
2727
2747
2993
2905
2635
2178
3680
1415
1483
1565
1714
1976
2190
2342
2081
2292
2595
2608
3089
3392
3286
2869
6290
1396
1474
1550
1670
1846
2066
2254
2416
2129
2253
2683
2674
2866
2711
2371
3960
1334
1410
1484
1598
1770
1982
2162
2323
2069
2278
2574
2575
3031
3289
3126
6605
2817
2751
3173
3846
3878
3248
2954
3062
2860
2403
1954
1491
1402
1122
976
955
2762
2689
3230
4003
4054
3641
3448
3481
3425
3026
2502
1961
1864
1563
1393
1819
2617
2639
2982
3254
3759
3526
3277
3000
2802
2556
2230
1766
1500
1154
997
1208
2553
2574
3042
3398
3856
3901
3674
3462
3283
3143
2812
2327
2056
1680
1490
2285
2399
2501
2769
2719
3599
3783
3592
2903
2712
2689
2512
2066
1586
1175
1005
1510
2331
2435
2831
2851
3624
4129
3868
3399
3108
3225
3124
2728
2241
1784
1575
2835
2992
2321
2436
2748
2762
3586
3659
3439
2766
2573
2528
2326
1867
1379
966
1512
2860
2259
2374
2820
2915
3638
4032
3739
3280
2991
3095
2976
2568
2065
1592
2937
2703
2912
2259
2428
2807
2779
3488
3518
3294
2632
2428
2352
2117
1638
1149
1515
2585
2787
2202
2373
2897
2949
3562
3912
3615
3163
2873
2957
2814
2380
1860
3056
2413
2635
2857
2261
2512
2852
2725
3383
3394
3161
2497
2274
2156
1878
1382
1688
2307
2525
2737
2208
2465
2955
2906
3472
3806
3503
3052
2756
2810
2629
2165
3411
2191
2356
2587
2868
2352
2566
2812
2645
3277
3268
3017
2350
2097
1926
1602
1984
2096
2256
2480
2750
2306
2524
2923
2837
3383
3698
3392
2938
2629
2643
2414
3933
2116
2142
2315
2606
2983
2422
2534
2746
2564
3169
3132
2857
2177
1888
1660
2349
2026
2052
2219
2503
2868
2375
2500
2865
2766
3296
3591
3277
2814
2483
2445
4514
2101
2073
2109
2338
2731
3070
2402
2477
2675
2483
3054
2978
2663
1973
1644
2627
2010
1986
2022
2244
2627
2956
2364
2454
2805
2697
3211
3481
3151
2672
2313
4940
2065
2064
2046
2136
2463
2825
3056
2353
2419
2606
2399
2921
2797
2438
1735
2819
1975
1977
1960
2052
2367
2721
2948
2324
2406
2749
2636
3127
3365
3011
2508
5160
1985
2026
2033
2069
2241
2542
2807
2998
2293
2351
2519
2287
2743
2556
2141
2994
1897
1939
1949
1985
2156
2449
2709
2903
2275
2354
2688
2560
3019
3214
2824
5443
11428
10568
11187
12305
12353
11095
10156
8735
7275
6024
4939
3467
2628
1816
1241
1205
11269
10512
11482
13118
13234
11809
10884
9740
8659
7132
5563
4119
3282
2392
1673
2007
10395
10360
11288
11576
12526
12016
11087
9498
8146
6680
5610
4255
3261
2187
1508
1615
10324
10146
11439
12075
13224
12782
12028
10621
9421
8013
6773
5218
4073
2970
2124
2730
9272
9958
11164
10680
12457
12759
11867
10127
8941
7263
6250
5122
3968
2584
1796
2126
9272
9601
11173
10899
12954
13566
13033
11356
10047
8828
8089
6477
4953
3619
2640
3638
11260
8989
9721
11105
10903
12482
12382
11384
9672
8500
6828
5787
4626
3453
2126
2396
10756
9003
9378
11152
11192
13063
13269
12624
10972
9687
8474
7713
6098
4569
3236
4270
10547
10964
8763
9700
11377
11007
12164
11928
10910
9214
8029
6345
5259
4056
2875
2813
10077
10483
8789
9380
11479
11355
12821
12886
12222
10589
9319
8093
7295
5654
4117
5167
9784
10301
10765
8783
10069
11592
10820
11816
11510
10470
8756
7527
5812
4663
3423
3658
9348
9853
10300
8832
9772
11739
11221
12525
12540
11857
10234
8950
7695
6824
5152
6542
9204
9562
10116
10812
9160
10299
11441
10521
11443
11089
9994
8240
6940
5187
3973
4599
8796
9149
9685
10364
9236
10027
11629
10970
12217
12195
11493
9857
8551
7238
6275
8341
8973
9008
9403
10199
11265
9447
10187
11181
10214
11073
10633
9453
7634
6248
4462
5613
8580
8624
9005
9783
10825
9536
9950
11413
10711
11914
11855
11113
9452
8092
6702
10502
8910
8789
8864
9494
10683
11598
9364
9954
10890
9889
10651
10099
8804
6912
5430
6622
8518
8413
8491
9107
10266
11166
9480
9760
11174
10447
11603
11488
10689
8978
7542
12307
8776
8748
8666
8972
9981
11030
11530
9162
9711
10599
9545
10174
9471
8040
6070
8037
8386
8370
8303
8609
9590
10616
11126
9315
9562
10951
10200
11295
11106
10218
8431
14277
8467
8601
8612
8752
9389
10278
10945
11297
8918
9428
10237
9095
9535
8642
7048
9338
8093
8229
8250
8396
9027
9897
10561
10939
9114
9348
10698
9910
10912
10603
9585
16254
8842
8448
9101
9783
9559
8439
7695
7112
6205
4997
4015
2716
1966
1286
892
873
8601
8151
9095
10336
10063
9052
8408
7952
7166
5840
4663
3034
2377
1702
1270
1564
7687
7878
8842
8886
9303
8754
8095
7347
6585
5434
4553
3385
2524
1656
1124
1185
7450
7662
8701
9114
9675
9423
8917
8152
7473
6433
5519
3979
3144
2166
1569
2049
6535
7184
8404
7895
8855
8884
8330
7422
6834
5780
5051
4127
3167
2085
1383
1574
6312
7045
8143
7860
9100
9594
9249
8173
7623
6931
6387
5103
4067
2694
1898
2628
7463
6232
6885
8209
7881
8677
8458
7865
6978
6403
5358
4618
3688
2736
1707
1809
7114
6025
6758
7969
7876
8955
9193
8800
7748
7217
6533
5982
4719
3695
2368
3024
6951
7243
6054
6845
8371
7911
8426
8128
7527
6646
6053
4992
4213
3250
2295
2223
6629
6911
5856
6736
8156
7938
8742
8891
8492
7454
6924
6224
5647
4365
3325
3713
6435
6763
7084
6044
7065
8482
7741
8158
7830
7216
6315
5684
4586
3752
2762
2940
6142
6459
6765
5856
6972
8281
7799
8507
8623
8215
7181
6634
5907
5272
3966
4983
5973
6287
6637
7112
6300
7222
8363
7526
7911
7552
6903
5963
5264
4118
3224
3750
5704
6006
6344
6801
6115
7136
8193
7617
8292
8380
7958
6913
6336
5553
4845
6387
5711
5856
6193
6705
7432
6516
7161
8192
7329
7673
7272
6561
5559
4777
3580
4628
5452
5598
5920
6415
7117
6331
7091
8054
7446
8093
8156
7701
6633
6003
5148
8078
5585
5603
5773
6267
7045
7675
6474
7013
8005
7119
7413
6938
6146
5071
4192
5460
5331
5356
5523
5998
6748
7357
6304
6968
7897
7274
7893
7914
7416
6307
5602
9469
5429
5490
5533
5856
6606
7294
7648
6351
6859
7816
6894
7109
6538
5647
4489
6494
5182
5246
5292
5607
6329
6994
7344
6206
6840
7751
7112
7689
7658
7097
5929
10827
5216
5327
5411
5598
6144
6820
7256
7510
6198
6675
7574
6597
6692
6002
4991
7317
4981
5091
5176
5360
5892
6546
6971
7229
6075
6694
7577
6914
7432
7317
6659
11956
5314
5054
5324
6025
5844
5224
4844
4252
3875
3381
2685
1813
1268
857
549
547
5090
5000
5430
6012
6119
5473
5132
4604
4296
3603
2817
1959
1444
1079
796
956
4832
4862
5370
5557
5765
5613
5254
4611
4138
3637
3079
2301
1650
1110
680
710
4583
4816
5294
5606
6025
5919
5579
4997
4584
4005
3391
2549
1941
1359
980
1219
4310
4590
5313
5027
5580
5918
5589
4902
4337
3836
3463
2865
2102
1411
826
903
4047
4550
5066
5130
5820
6283
5949
5317
4796
4369
4006
3253
2566
1681
1185
1522
4798
4211
4513
5324
5194
5663
5801
5403
4713
4144
3628
3222
2599
1835
1167
1066
4571
3954
4476
5088
5324
5937
6194
5797
5159
4636
4202
3819
3053
2356
1491
1817
4559
4707
4147
4547
5533
5331
5589
5643
5221
4523
3941
3394
2943
2291
1537
1413
4345
4486
3894
4521
5307
5484
5890
6068
5645
5003
4476
4019
3605
2822
2111
2252
4271
4483
4654
4194
4779
5707
5297
5469
5480
5038
4325
3712
3123
2622
1943
1909
4071
4275
4439
3944
4761
5493
5471
5794
5931
5497
4849
4305
3818
3365
2558
3059
4042
4207
4438
4710
4434
4958
5691
5200
5335
5314
4842
4095
3439
2805
2248
2524
3853
4014
4233
4499
4179
4947
5490
5393
5682
5799
5348
4681
4112
3588
3079
3969
3884
3986
4169
4515
4972
4634
4959
5606
5090
5197
5133
4611
3819
3116
2429
3150
3703
3804
3981
4312
4754
4376
4956
5431
5301
5567
5663
5184
4494
3888
3310
5013
3806
3829
3949
4244
4781
5179
4637
4884
5497
4962
5028
4905
4319
3480
2726
3684
3628
3655
3771
4055
4573
4957
4389
4896
5344
5199
5442
5501
4991
4266
3612
5897
3700
3756
3797
4024
4502
4983
5187
4570
4792
5381
4816
4826
4622
3965
3071
4275
3528
3584
3626
3847
4310
4773
4976
4341
4823
5259
5093
5305
5321
4762
3990
6756
3564
3646
3717
3860
4251
4683
4984
5115
4477
4676
5225
4614
4542
4239
3492
4866
3397
3480
3551
3691
4072
4489
4783
4919
4268
4734
5150
4959
5124
5073
4447
7600
11179
10234
10124
10070
8637
8197
7719
6712
6141
4682
3113
1740
1108
629
368
318
10913
10084
10183
10564
9685
8632
8345
7720
6938
5705
3686
2229
1512
1041
679
613
9853
10201
10666
9985
9234
9053
8271
7236
6427
5098
3883
2539
1592
919
537
440
9765
9922
10678
10427
9971
9627
9167
8169
7242
6318
4787
3310
2211
1428
894
943
8505
9965
11013
9704
9677
9801
8687
7646
6593
5437
4746
3633
2244
1318
769
596
8565
9570
10975
10088
10063
10525
9872
8475
7410
6854
6089
4819
3173
1923
1153
1421
9167
8305
9803
11031
10013
9826
9598
8380
7330
6274
5112
4386
3267
1939
1074
847
8746
8373
9414
11026
10472
10287
10391
9618
8217
7152
6581
5787
4509
2899
1695
1717
9237
8999
8189
9892
11473
10303
9716
9335
8086
7018
5944
4757
3981
2859
1605
1207
8813
8591
8262
9523
11527
10825
10240
10186
9373
7966
6901
6290
5454
4159
2587
2332
9120
9076
8885
8273
10376
11811
10227
9484
9047
7775
6683
5570
4347
3518
2398
1812
8699
8665
8486
8364
10027
11913
10798
10059
9948
9111
7706
6618
5956
5067
3748
3444
8823
8979
8979
8988
8744
10736
11766
10025
9233
8752
7444
6300
5136
3878
2990
2763
8418
8572
8577
8597
8858
10413
11904
10640
9855
9707
8850
7425
6303
5576
4614
5106
8574
8700
8896
9128
9481
9134
10718
11585
9799
8972
8427
7060
5848
4625
3331
3785
8183
8309
8500
8733
9092
9259
10427
11769
10452
9642
9463
8564
7108
5939
5121
6905
8362
8451
8615
9044
9649
9869
9124
10543
11346
9529
8653
8022
6579
5295
4008
4669
7979
8072
8234
8655
9250
9486
9274
10296
11577
10236
9411
9177
8223
6721
5488
8492
8108
8249
8374
8772
9586
10049
9882
8984
10333
11080
9227
8275
7525
6000
4635
5761
7731
7876
8003
8393
9186
9651
9521
9164
10132
11374
10016
9151
8851
7821
6257
9881
7875
7986
8162
8509
9257
9956
10047
9735
8787
10070
10730
8813
7754
6861
5244
6848
7509
7622
7798
8141
8876
9563
9669
9405
9002
9933
11126
9733
8815
8410
7269
11356
1018
999
1140
1750
2528
2319
1959
1954
1760
1618
1510
1195
960
884
797
1283
1002
987
1142
1863
3163
2835
2341
2319
2397
2302
2098
1686
1468
1378
1431
2546
920
894
1048
1588
2842
2743
2231
1963
1728
1733
1616
1305
1109
923
783
1412
900
912
1022
1758
3309
3123
2494
2184
2147
2244
2154
1878
1638
1388
1363
2821
826
790
949
1418
3149
3197
2504
1947
1671
1829
1705
1405
1263
950
758
1533
797
829
903
1634
3411
3386
2619
2027
1896
2158
2182
2061
1802
1377
1280
3086
1145
831
800
982
1499
3206
3186
2498
1941
1662
1805
1662
1339
1167
841
1467
1094
803
841
940
1735
3496
3396
2632
2038
1906
2162
2172
2033
1755
1313
3124
1195
1148
838
823
1024
1521
3184
3170
2485
1924
1639
1758
1585
1242
1038
1520
1145
1099
813
869
982
1763
3482
3400
2637
2040
1904
2149
2144
1982
1678
3224
1029
1198
1154
859
857
1034
1508
3167
3149
2460
1896
1598
1680
1476
1111
1736
986
1148
1106
835
905
995
1753
3471
3397
2632
2036
1892
2122
2095
1904
3664
712
1030
1203
1179
897
866
1025
1499
3150
3125
2428
1849
1530
1570
1328
1945
681
988
1155
1133
871
915
987
1749
3469
3390
2624
2021
1869
2078
2021
4201
486
712
1036
1233
1226
905
857
1021
1492
3122
3086
2373
1780
1438
1422
2271
466
683
993
1183
1176
879
906
985
1746
3460
3381
2607
2000
1835
2012
4701
415
486
715
1060
1282
1237
894
852
1016
1482
3088
3024
2288
1678
1312
2558
399
466
684
1018
1229
1187
871
903
984
1743
3453
3361
2582
1966
1782
5049
420
415
487
731
1102
1289
1223
889
847
1011
1469
3033
2927
2167
1540
2685
402
399
469
702
1058
1239
1174
866
901
982
1740
3438
3336
2544
1917
5117
441
420
415
499
757
1108
1276
1217
885
841
1003
1443
2936
2773
1987
2935
422
402
400
480
726
1063
1225
1170
863
900
981
1732
3408
3283
2477
5260
3284
3210
3916
4397
4446
3897
3691
3828
3612
3082
2482
1748
1753
1512
1268
1315
3182
3203
3937
4565
4739
4426
4249
4539
4353
3724
2995
2365
2400
2123
1733
2208
3168
3104
3636
3915
4425
4377
4110
3839
3652
3349
2927
2198
1938
1497
1312
1678
3009
3047
3516
4015
4613
4849
4662
4485
4238
4011
3584
2955
2613
2183
1905
2904
3014
2961
3326
3438
4342
4850
4515
3799
3643
3591
3405
2724
2113
1463
1343
2112
2807
2859
3098
3483
4431
5239
5045
4371
4070
4263
4228
3640
2806
2216
2065
3769
3517
3014
2977
3391
3546
4344
4771
4458
3750
3585
3504
3275
2560
1921
1266
2190
3359
2813
2880
3170
3607
4456
5191
5021
4356
4052
4231
4168
3549
2692
2071
4118
3175
3513
3026
3041
3498
3562
4282
4722
4403
3689
3500
3378
3087
2339
1675
2217
3037
3362
2827
2949
3281
3636
4416
5166
5000
4332
4022
4173
4072
3415
2530
4403
2814
3171
3523
3091
3150
3516
3513
4240
4667
4337
3610
3385
3196
2840
2057
2592
2694
3037
3375
2895
3062
3306
3600
4394
5132
4968
4296
3967
4084
3932
3228
5059
2564
2809
3177
3594
3212
3167
3475
3481
4202
4607
4254
3498
3215
2952
2514
3140
2456
2693
3047
3449
3010
3082
3274
3582
4377
5108
4931
4243
3892
3959
3739
6142
2461
2558
2816
3250
3722
3237
3127
3448
3454
4157
4524
4131
3335
2987
2633
3864
2358
2454
2702
3121
3574
3037
3050
3259
3570
4355
5077
4879
4172
3787
3784
7353
2437
2453
2562
2878
3368
3745
3189
3100
3422
3420
4090
4404
3951
3111
2685
4429
2335
2355
2460
2764
3236
3599
2998
3033
3248
3555
4331
5028
4806
4070
3638
8250
2374
2433
2459
2620
2985
3386
3697
3161
3079
3394
3372
3993
4231
3705
2818
4873
2273
2331
2360
2520
2869
3256
3558
2981
3022
3238
3538
4298
4968
4705
3930
8803
2263
2364
2433
2510
2705
2993
3338
3664
3135
3045
3344
3288
3831
3964
3349
5229
2169
2268
2335
2412
2603
2880
3216
3536
2966
3009
3223
3509
4241
4856
4536
9398
5001
4651
5024
5203
5264
4883
4579
4134
3453
2903
2205
1529
1144
788
562
547
4828
4536
4877
5401
5544
5060
4790
4400
3873
3249
2327
1719
1400
1078
813
983
4506
4473
4990
4903
5232
5095
4713
4288
3782
3169
2568
1950
1449
962
672
740
4348
4310
4789
5023
5546
5395
5076
4573
4141
3614
2895
2258
1710
1261
983
1282
3983
4213
4854
4530
5099
5208
4755
4356
4056
3390
2931
2436
1797
1151
789
977
3837
4012
4606
4576
5434
5635
5270
4656
4341
3940
3525
2904
2048
1440
1166
1641
4398
3846
4092
4807
4589
5071
5026
4539
4148
3847
3181
2712
2200
1564
948
1080
4188
3709
3899
4572
4657
5424
5472
5070
4469
4160
3756
3334
2712
1866
1268
1867
4094
4263
3737
4065
4896
4602
4919
4823
4337
3943
3630
2956
2465
1933
1305
1268
3901
4062
3605
3881
4673
4688
5290
5285
4881
4289
3978
3564
3128
2491
1659
2104
3786
3987
4172
3734
4200
4965
4506
4762
4646
4154
3746
3406
2711
2190
1637
1665
3607
3801
3976
3608
4018
4748
4605
5146
5120
4712
4121
3798
3366
2899
2243
2603
3534
3697
3912
4186
3891
4291
4897
4380
4613
4480
3968
3532
3147
2428
1875
2166
3370
3526
3730
3995
3764
4112
4694
4492
5009
4966
4552
3953
3609
3144
2639
3417
3400
3466
3641
3950
4375
4020
4253
4793
4261
4475
4309
3765
3286
2850
2103
2670
3242
3305
3474
3772
4179
3891
4083
4602
4386
4884
4823
4391
3775
3399
2889
4294
3328
3336
3416
3685
4150
4518
3993
4166
4680
4136
4317
4106
3520
2991
2494
3164
3172
3184
3260
3519
3966
4320
3872
4011
4508
4278
4756
4664
4211
3571
3145
5081
3222
3272
3295
3464
3883
4297
4501
3917
4072
4568
4003
4135
3864
3227
2641
3790
3071
3121
3146
3309
3712
4107
4311
3810
3931
4421
4175
4620
4495
4004
3328
5833
3084
3162
3225
3333
3633
4009
4272
4419
3821
3959
4421
3824
3885
3539
2841
4266
2939
3015
3078
3185
3475
3836
4091
4239
3728
3840
4313
4046
4447
4271
3728
6453
5599
5363
5985
6654
6584
5770
5694
5566
5288
4268
3326
2378
2028
1680
1374
1394
5214
5148
5800
6833
6983
6418
6226
6367
5898
4917
3920
2927
2777
2402
1929
2308
4726
4801
5609
5783
6303
6082
5864
5331
5065
4539
3893
2911
2318
1741
1412
1746
4477
4654
5380
5851
6537
6683
6370
6091
5743
5253
4639
3612
3117
2468
2126
3013
3920
4219
5159
4935
5923
6293
5930
5012
4762
4737
4475
3498
2602
1774
1421
2150
3774
4131
4900
4919
6006
6834
6401
5722
5490
5512
5386
4380
3433
2488
2300
3863
4760
3740
4044
5043
4924
5804
5999
5599
4702
4449
4384
4083
3110
2231
1438
2111
4552
3608
3968
4805
4939
5923
6576
6102
5437
5205
5209
5059
4061
3124
2189
4077
4310
4591
3598
3977
5093
4884
5580
5710
5305
4422
4147
4031
3673
2701
1840
2153
4123
4395
3473
3915
4873
4925
5731
6316
5836
5180
4945
4918
4735
3727
2788
4188
3866
4187
4488
3583
4089
5139
4760
5386
5484
5070
4184
3873
3685
3250
2271
2540
3699
4010
4300
3466
4040
4934
4824
5564
6118
5636
4984
4733
4664
4417
3385
4863
3495
3762
4094
4487
3704
4146
5038
4603
5196
5271
4826
3923
3563
3283
2766
3115
3345
3605
3924
4306
3594
4107
4856
4689
5402
5931
5443
4784
4508
4376
4051
5838
3313
3414
3692
4119
4656
3799
4084
4911
4457
5020
5044
4561
3635
3205
2827
3862
3170
3270
3540
3952
4478
3693
4059
4753
4568
5258
5755
5252
4580
4258
4046
7078
3228
3240
3355
3721
4303
4776
3755
3982
4780
4310
4826
4790
4248
3290
2787
4390
3087
3105
3216
3573
4137
4601
3662
3975
4648
4449
5115
5574
5048
4346
3965
7920
3145
3164
3190
3389
3902
4427
4737
3667
3877
4648
4154
4605
4490
3879
2886
4732
3008
3030
3058
3256
3755
4265
4577
3590
3888
4547
4338
4971
5386
4819
4074
8471
3010
3076
3107
3214
3536
4006
4380
4634
3562
3757
4484
3953
4313
4095
3399
4994
2881
2947
2980
3087
3405
3860
4231
4492
3502
3796
4436
4207
4794
5138
4512
8891
18753
17070
16692
17201
17043
15925
14601
12400
10278
7916
5807
3608
2175
1327
827
764
18305
16903
16628
18688
18362
16892
15268
13159
10939
8267
5827
3605
2513
1679
1150
1265
16495
16595
17589
16936
17266
16607
15127
13212
11532
9110
7026
4849
3120
1852
1121
1054
15977
16184
17458
17916
18075
17793
16258
14267
12455
9880
7558
5120
3617
2282
1511
1763
14181
15768
18112
16295
17098
16922
15314
13756
12646
10243
8308
6369
4373
2529
1480
1419
13626
15139
17911
16783
17386
18315
16916
15114
13855
11540
9579
7100
5086
3033
1940
2402
16305
13613
15243
17846
16415
16923
16191
14495
12971
11862
9504
7595
5673
3751
2050
1762
15568
13104
14639
17665
17001
17300
17660
16154
14421
13187
10918
8976
6560
4602
2646
2867
15540
15803
13212
15137
18123
16426
16392
15511
13808
12290
11143
8775
6844
4931
3076
2374
14820
15091
12715
14568
18068
17094
16834
17043
15549
13798
12585
10333
8399
6002
4076
3736
14721
15106
15442
13173
15590
18322
16042
15775
14898
13188
11623
10394
7990
6020
4122
3501
14036
14420
14739
12702
15052
18316
16771
16362
16494
14992
13248
12000
9732
7764
5381
5472
14012
14370
14817
15485
13706
15893
18033
15570
15252
14315
12550
10909
9557
7106
5103
4972
13365
13729
14154
14814
13252
15385
18098
16361
15871
16000
14466
12704
11399
9079
7050
7679
13605
13732
14140
14950
16162
14162
15732
17633
15121
14757
13721
11854
10087
8587
6090
6609
12966
13110
13523
14302
15485
13691
15277
17759
15970
15461
15517
13942
12120
10721
8317
10513
13381
13354
13542
14321
15703
16685
14070
15401
17188
14658
14204
13034
11034
9129
7449
8363
12752
12742
12943
13702
15040
16018
13642
15003
17379
15578
15046
15028
13361
11461
9914
13407
13127
13162
13217
13749
15119
16303
16651
13810
15067
16772
14177
13581
12223
10071
8005
10551
12518
12566
12626
13155
14493
15646
16031
13450
14740
17060
15233
14623
14489
12724
10689
16672
12800
12905
13003
13375
14472
15658
16247
16371
13479
14651
16225
13522
12718
11150
8817
12218
12215
12320
12424
12802
13864
15032
15626
15793
13179
14423
16687
14789
14081
13787
11852
19396
5376
5058
4970
5227
4956
4494
4111
3491
2917
2425
1794
1192
836
545
348
372
5252
4886
4928
5194
5156
4687
4229
3716
3359
2723
1882
1347
1076
714
529
601
4674
4790
5051
5117
4935
4669
4305
3717
3241
2696
2136
1555
1093
693
455
489
4523
4628
5013
5019
5143
4939
4503
4007
3665
3060
2395
1805
1358
920
669
817
3943
4402
4977
4860
4767
4707
4375
3839
3497
2910
2468
1970
1387
857
571
622
3779
4253
4948
4706
4978
5049
4654
4193
3879
3337
2959
2348
1663
1150
822
1078
4514
3759
4224
4854
4842
4660
4471
4115
3590
3252
2670
2226
1733
1173
682
705
4306
3606
4082
4840
4717
4900
4836
4418
3966
3660
3127
2749
2149
1486
990
1231
4333
4365
3639
4180
4911
4822
4494
4262
3906
3385
3037
2452
1998
1497
957
847
4133
4167
3490
4050
4927
4722
4756
4652
4234
3789
3482
2947
2560
1954
1304
1478
4126
4210
4264
3626
4303
4957
4705
4330
4087
3720
3190
2821
2225
1750
1243
1143
3932
4019
4073
3485
4184
4996
4630
4612
4493
4075
3627
3308
2766
2354
1742
1904
3896
4016
4118
4263
3753
4365
4869
4552
4169
3913
3526
2979
2581
1964
1469
1536
3716
3833
3935
4080
3618
4257
4916
4501
4471
4342
3916
3460
3127
2562
2122
2537
3765
3801
3937
4139
4417
3843
4294
4726
4403
4012
3730
3314
2742
2302
1671
1949
3590
3628
3759
3957
4235
3711
4198
4805
4372
4332
4190
3753
3284
2918
2328
3264
3720
3679
3731
3965
4313
4526
3791
4180
4593
4249
3840
3525
3069
2464
1982
2358
3546
3512
3565
3790
4133
4347
3671
4101
4685
4245
4195
4030
3575
3079
2673
3906
3641
3643
3620
3768
4151
4436
4487
3698
4066
4462
4089
3649
3287
2783
2144
2863
3469
3476
3455
3604
3976
4257
4320
3594
4006
4574
4125
4053
3865
3378
2845
4625
3539
3562
3579
3647
3928
4258
4388
4386
3588
3935
4293
3882
3400
2978
2419
3269
3372
3396
3417
3486
3765
4086
4220
4232
3500
3901
4448
3980
3881
3646
3116
5210
1696
1553
1811
2399
2819
2558
2446
2744
2630
2623
2345
1689
1177
1090
947
1223
1502
1539
1962
2578
3595
3498
3184
3440
3370
3296
2793
1885
1576
1412
1552
2410
1817
1617
1766
2092
2653
2984
3069
3059
2765
2756
2565
2115
1629
1257
1006
1533
1676
1557
1812
2231
3276
3831
3850
3720
3333
3445
3147
2504
2041
1601
1565
2956
1914
1656
1695
1791
2455
3422
3789
3352
2857
2849
2759
2604
2210
1425
1048
1888
1840
1548
1646
1898
2934
4124
4575
3953
3240
3540
3486
3266
2597
1784
1550
3566
2142
1951
1714
1823
2013
2655
3541
3880
3419
2906
2879
2761
2561
2126
1329
2044
2040
1878
1607
1778
2145
3178
4289
4708
4050
3314
3600
3518
3269
2571
1736
3788
1922
2164
1990
1808
1981
2129
2698
3574
3919
3443
2918
2863
2700
2453
1975
2392
1833
2064
1918
1700
1940
2276
3241
4344
4758
4090
3344
3605
3500
3217
2492
4131
1562
1934
2195
2076
1939
2059
2148
2716
3590
3918
3442
2897
2802
2594
2290
3194
1489
1846
2094
2002
1829
2019
2299
3263
4370
4778
4105
3343
3583
3450
3127
5093
1254
1568
1953
2266
2202
1994
2064
2153
2722
3595
3911
3410
2836
2693
2429
4015
1197
1497
1867
2165
2124
1878
2025
2307
3274
4383
4788
4099
3322
3533
3362
6367
1100
1257
1580
2016
2381
2251
1990
2064
2156
2721
3585
3877
3342
2732
2531
4718
1050
1202
1509
1927
2273
2169
1875
2027
2310
3279
4384
4774
4074
3282
3452
7517
1068
1101
1264
1625
2112
2420
2236
1986
2066
2155
2715
3556
3803
3228
2581
5291
1020
1053
1209
1554
2015
2308
2154
1872
2029
2313
3281
4373
4747
4026
3215
8427
1072
1069
1105
1298
1693
2131
2398
2227
1984
2064
2149
2696
3496
3686
3064
5768
1022
1020
1057
1241
1615
2032
2286
2147
1871
2029
2312
3274
4351
4700
3952
8894
1030
1071
1072
1134
1348
1706
2111
2390
2222
1982
2061
2135
2652
3390
3495
6465
983
1022
1025
1083
1285
1627
2012
2279
2145
1870
2030
2310
3259
4308
4613
9846
5790
5360
5282
5302
4735
4442
4487
3946
3341
2589
1910
1193
785
469
276
261
5298
5190
5314
5565
5041
4672
4643
4078
3442
2614
1872
1240
844
574
339
409
5524
5563
5952
5685
5383
5156
4875
4374
3997
3177
2462
1711
1122
688
407
372
5057
5390
5816
5862
5643
5433
5121
4673
4139
3351
2557
1802
1240
814
495
610
5140
5628
6535
5940
5964
5832
5165
4723
4661
3801
3095
2388
1560
979
586
517
4705
5456
6206
6016
6154
6160
5506
5219
4849
4187
3405
2550
1776
1126
703
886
6037
5162
5713
6800
6367
6183
5831
5129
4667
4569
3680
2937
2203
1383
819
696
5747
4726
5539
6485
6487
6425
6204
5512
5202
4808
4121
3307
2434
1651
1007
1071
6135
6049
5222
5939
7208
6576
6173
5789
5070
4581
4434
3507
2726
1970
1170
973
5840
5760
4788
5775
6906
6734
6455
6203
5490
5157
4736
4009
3167
2276
1490
1431
6038
6139
6093
5400
6274
7365
6541
6130
5723
4979
4454
4240
3272
2458
1685
1407
5745
5846
5805
4963
6118
7090
6728
6441
6167
5439
5078
4617
3855
2980
2071
2058
5757
6030
6167
6244
5660
6353
7293
6485
6059
5626
4849
4271
3976
2969
2124
2058
5482
5743
5875
5954
5214
6210
7042
6696
6398
6105
5357
4959
4455
3649
2736
2944
5585
5742
6045
6314
6479
5717
6272
7224
6412
5966
5491
4665
4023
3631
2588
2795
5317
5469
5759
6021
6187
5272
6141
6997
6644
6332
6018
5239
4797
4237
3375
4074
5520
5562
5744
6167
6525
6502
5616
6198
7143
6316
5829
5294
4406
3694
3193
3604
5253
5299
5474
5881
6228
6214
5191
6085
6939
6575
6243
5892
5080
4578
3945
5327
5435
5503
5567
5869
6385
6549
6405
5556
6134
7052
6190
5646
5032
4075
3279
4598
5173
5242
5307
5598
6094
6257
6135
5149
6043
6883
6502
6136
5742
4876
4295
6647
5324
5407
5499
5674
6046
6389
6442
6334
5489
6045
6907
5987
5359
4647
3611
5246
5067
5153
5242
5415
5777
6108
6166
6081
5105
5986
6799
6385
5972
5504
4568
7767
3271
3182
3451
4014
4412
4179
3708
3534
3257
2922
2301
1665
1584
1400
1254
1555
3168
3109
3439
4248
4588
4340
4043
4030
3998
3498
3019
2295
2304
2070
2101
2967
3074
3071
3385
3720
4330
4518
4104
3764
3430
3179
2668
2095
1772
1411
1239
1803
2967
2958
3304
3819
4494
4691
4458
4264
4090
3781
3444
2758
2520
2099
2032
3622
2864
2938
3295
3418
4215
4840
4503
3976
3583
3431
3070
2615
1965
1414
1210
2071
2755
2790
3146
3402
4365
5030
4872
4473
4148
4053
3896
3283
2733
2111
1948
4384
3442
2873
2967
3391
3583
4278
4798
4465
3937
3533
3351
2952
2454
1782
1219
2052
3290
2769
2825
3252
3588
4459
5029
4875
4476
4143
4032
3845
3202
2617
1968
4376
3154
3447
2898
3062
3553
3654
4251
4764
4423
3883
3456
3230
2779
2236
1548
2087
3019
3300
2799
2924
3425
3677
4458
5028
4872
4464
4120
3979
3753
3075
2453
4451
2804
3158
3471
2991
3225
3628
3638
4229
4725
4367
3804
3340
3052
2549
1958
2399
2683
3027
3328
2895
3092
3508
3677
4458
5018
4856
4436
4067
3892
3617
2895
4988
2533
2804
3175
3561
3142
3277
3603
3617
4198
4676
4284
3682
3168
2814
2249
2929
2424
2687
3046
3421
3047
3146
3495
3671
4448
4997
4823
4382
3987
3764
3427
5774
2390
2528
2814
3255
3704
3180
3242
3578
3590
4154
4588
4159
3507
2937
2501
3513
2288
2425
2699
3127
3561
3087
3120
3482
3660
4428
4966
4769
4301
3870
3587
6797
2330
2383
2533
2876
3373
3726
3133
3215
3551
3553
4083
4459
3971
3265
2631
4086
2231
2286
2430
2761
3242
3584
3048
3102
3468
3641
4399
4913
4688
4186
3706
7649
2269
2324
2389
2591
2983
3391
3678
3107
3190
3519
3502
3985
4279
3716
2948
4596
2173
2229
2291
2489
2867
3263
3545
3032
3092
3458
3625
4364
4847
4582
4031
8384
2163
2261
2325
2438
2675
2992
3346
3648
3079
3157
3469
3413
3819
4002
3352
5127
2071
2168
2233
2343
2574
2880
3223
3524
3017
3078
3439
3593
4302
4732
4405
9130
1817
1830
2119
2783
3294
3218
2834
3019
2808
2654
2365
1830
1378
1291
1234
1524
1716
1659
2143
3082
4028
3887
3449
3711
3649
3554
3138
2448
1955
2015
2067
3181
1966
1759
1891
2337
3153
3814
3740
3461
2918
2806
2590
2184
1727
1441
1184
1865
1902
1626
1837
2520
3672
4461
4299
3999
3529
3561
3369
2933
2397
2134
1950
3870
2092
1667
1663
1932
2972
4453
4867
3910
2986
2921
2794
2569
2134
1585
1120
2248
2077
1573
1551
2028
3297
5041
5280
4245
3362
3512
3565
3462
2896
2226
1811
4635
2699
2117
1706
1752
2108
3121
4506
4909
3938
3000
2913
2755
2481
2005
1432
2224
2574
2106
1613
1643
2222
3478
5128
5354
4302
3404
3539
3564
3425
2823
2122
4587
2349
2716
2148
1780
1872
2189
3139
4519
4916
3936
2986
2868
2658
2334
1818
2493
2242
2594
2140
1687
1762
2314
3510
5163
5388
4324
3414
3524
3521
3340
2700
4885
1833
2356
2742
2222
1882
1920
2189
3139
4514
4894
3905
2935
2769
2508
2127
3013
1753
2254
2622
2217
1788
1811
2320
3520
5172
5388
4318
3395
3479
3438
3202
5665
1432
1836
2373
2818
2341
1920
1915
2186
3134
4492
4848
3834
2839
2618
2294
3620
1370
1757
2271
2695
2333
1825
1809
2319
3521
5167
5375
4290
3354
3405
3311
6690
1277
1432
1846
2439
2939
2379
1908
1910
2180
3119
4452
4766
3716
2693
2406
4181
1222
1371
1767
2334
2812
2368
1813
1806
2315
3513
5151
5338
4241
3287
3288
7536
1298
1276
1436
1890
2532
2966
2349
1897
1903
2169
3094
4383
4626
3536
2492
4654
1241
1222
1376
1809
2422
2832
2340
1805
1801
2310
3501
5117
5280
4162
3188
8118
1358
1298
1281
1473
1966
2554
2937
2337
1890
1897
2155
3052
4272
4423
3291
5078
1298
1241
1226
1410
1879
2438
2804
2328
1801
1799
2305
3486
5073
5198
4054
8477
1329
1358
1303
1312
1528
1980
2530
2924
2330
1885
1887
2129
2977
4088
4116
5981
1268
1298
1246
1256
1461
1892
2416
2795
2325
1799
1795
2297
3458
4998
5062
9441
11631
11039
11102
11294
9980
9462
8777
7683
6506
5167
3813
2509
1769
1203
747
716
11161
10690
11023
11651
10578
9895
9554
8392
7254
5582
4176
2859
2275
1590
1002
1173
9939
10288
11221
10932
10322
9868
8973
7935
7085
5837
4592
3239
2291
1518
958
945
9754
9930
11025
11081
10747
10450
9807
8810
8061
6574
5259
3787
2898
2009
1343
1587
8309
9384
11101
10359
10449
10073
8981
8023
7553
6456
5411
4097
2905
1874
1204
1222
8346
9026
10794
10314
10689
10803
9853
9051
8766
7577
6484
4908
3611
2484
1766
2101
9290
7923
8999
10843
10330
10224
9580
8452
7513
7041
5947
4906
3622
2473
1505
1458
8856
7972
8655
10570
10342
10522
10353
9356
8566
8284
7114
6036
4505
3241
2151
2551
8866
8963
7642
8875
10970
10279
9856
9128
8006
7071
6572
5460
4400
3133
2027
1829
8454
8548
7699
8552
10740
10337
10201
9940
8940
8155
7863
6689
5612
4095
2855
3155
8452
8603
8742
7601
9112
11049
10009
9489
8748
7626
6672
6119
4967
3871
2617
2465
8062
8211
8338
7679
8807
10853
10113
9876
9597
8599
7809
7484
6293
5179
3665
4156
8001
8254
8439
8767
7913
9297
10879
9721
9175
8412
7261
6262
5625
4419
3282
3302
7631
7878
8057
8374
8008
9008
10722
9866
9602
9301
8296
7480
7104
5865
4701
5495
7667
7826
8110
8500
9122
8140
9176
10621
9429
8860
8054
6853
5790
5051
3789
4322
7313
7470
7747
8125
8728
8243
8917
10501
9616
9333
9009
7979
7128
6669
5366
7221
7446
7511
7703
8191
8901
9391
8063
8962
10347
9130
8514
7640
6372
5232
4381
5334
7101
7171
7357
7833
8522
9001
8187
8739
10270
9368
9066
8702
7636
6722
6154
8900
7195
7331
7429
7823
8651
9240
9374
7919
8768
10094
8830
8139
7167
5818
4590
6465
6861
6998
7099
7484
8288
8861
9008
8071
8583
10077
9153
8812
8389
7262
6265
10712
6982
7070
7238
7527
8227
8955
9209
9214
7726
8526
9762
8427
7625
6537
5094
7268
6658
6749
6916
7201
7885
8593
8848
8876
7908
8394
9846
8880
8479
7968
6754
11942
10048
9259
9592
9870
9641
9144
8469
7570
6262
5004
4027
2806
2164
1486
956
896
9745
9108
9231
10234
10448
9789
9039
7960
6982
5935
4587
3360
2732
1945
1386
1616
8502
8547
9403
9197
9355
9178
8602
7858
6782
5573
4602
3411
2609
1793
1210
1199
8340
8347
9215
9251
9843
9824
9437
8417
7589
6503
5391
4229
3330
2418
1760
2145
7057
7739
9039
8405
8901
9036
8565
8000
7204
6086
5156
4069
3086
2118
1504
1574
6998
7501
9025
8199
9098
9669
9663
8728
8088
6987
6214
5221
3982
2947
2192
2790
7996
6753
7446
8857
8413
8747
8619
8088
7522
6733
5622
4684
3606
2632
1703
1849
7628
6705
7219
8875
8251
8995
9299
9217
8292
7667
6582
5804
4812
3585
2561
3280
7432
7737
6541
7376
8982
8390
8447
8236
7692
7117
6309
5183
4223
3129
2164
2186
7091
7386
6504
7167
9038
8273
8746
8952
8856
7940
7313
6224
5426
4400
3171
3924
6927
7226
7565
6523
7597
9074
8194
8150
7906
7340
6728
5879
4719
3715
2615
2761
6611
6902
7224
6502
7410
9168
8118
8489
8658
8540
7617
6971
5864
5015
3946
4887
6548
6752
7076
7572
6768
7729
8916
7937
7865
7587
6975
6304
5394
4187
3142
3461
6249
6451
6764
7243
6763
7556
9045
7900
8242
8379
8234
7288
6609
5458
4545
6174
6285
6393
6623
7114
7858
6937
7609
8682
7683
7582
7250
6570
5821
4832
3580
4301
5998
6107
6329
6808
7530
6939
7461
8850
7682
7999
8102
7911
6937
6194
4984
7531
6110
6145
6281
6672
7424
8059
6850
7414
8448
7422
7270
6863
6097
5248
4176
5152
5830
5870
6003
6387
7117
7735
6870
7293
8645
7466
7758
7811
7564
6532
5704
8793
5921
5993
6054
6352
7004
7653
8000
6696
7224
8206
7152
6929
6421
5548
4590
6182
5647
5723
5787
6080
6713
7346
7698
6739
7135
8455
7267
7518
7512
7178
6069
10263
5675
5798
5894
6107
6635
7198
7582
7828
6508
7001
7917
6802
6476
5838
4839
7074
5412
5535
5635
5845
6363
6914
7295
7554
6580
6957
8230
7028
7220
7115
6659
11474
8513
7982
8547
9584
9840
9174
8871
8448
7266
5849
4427
3360
2935
2240
1744
1887
8212
7739
8773
10062
10547
10277
9856
9421
8595
6954
5688
4370
3854
3103
2704
3315
7681
7539
8362
8655
9619
9797
9459
8428
7579
6498
5227
4109
3230
2466
1925
2375
7450
7225
8326
8864
10265
10855
10514
9529
8757
7710
6675
5289
4397
3518
2952
4316
6822
7012
8056
7697
9259
10304
9932
8275
7786
7109
6077
4946
3499
2672
2091
2943
6655
6643
7780
7689
9838
11293
11042
9490
8783
8416
7712
6304
4937
3928
3173
5536
7844
6590
6811
7981
7800
9208
9945
9502
7886
7401
6700
5646
4494
3062
2222
3086
7493
6442
6460
7734
7834
9842
10991
10658
9143
8457
8080
7362
5954
4573
3538
5909
7088
7647
6436
6807
8201
7901
8999
9612
9144
7543
7030
6274
5173
3983
2581
3323
6775
7318
6304
6473
7984
7973
9679
10701
10350
8852
8168
7759
7006
5566
4166
6530
6375
6924
7513
6459
7075
8369
7778
8751
9307
8805
7197
6627
5790
4627
3404
3804
6099
6631
7195
6341
6750
8171
7884
9465
10435
10064
8576
7873
7417
6599
5119
7574
5838
6241
6810
7559
6756
7265
8281
7584
8503
9002
8449
6810
6153
5218
3991
4749
5587
5976
6526
7251
6644
6946
8110
7721
9249
10178
9786
8291
7557
7026
6124
9130
5599
5725
6148
6882
7903
6987
7209
8117
7388
8256
8675
8042
6355
5590
4549
5816
5358
5484
5892
6604
7592
6875
6908
7976
7554
9044
9928
9502
7986
7198
6568
11068
5494
5502
5651
6230
7248
8177
6958
7072
7942
7186
7986
8294
7551
5809
4922
6932
5257
5271
5417
5980
6964
7865
6863
6802
7837
7395
8846
9664
9194
7642
6774
12776
5326
5415
5445
5745
6595
7536
8173
6846
6932
7768
6976
7676
7837
6961
5165
7990
5096
5185
5221
5515
6336
7246
7876
6775
6692
7709
7252
8650
9396
8853
7244
14193
5079
5238
5350
5522
6052
6838
7516
8047
6698
6760
7544
6691
7244
7219
6179
8776
4859
5018
5130
5301
5818
6580
7243
7775
6657
6567
7562
7076
8398
9036
8380
15478
3983
3831
3920
4441
4429
3905
3427
3313
2865
2398
2001
1405
1319
1004
714
811
3848
3620
3894
4597
4522
3941
3639
3685
3492
2889
2423
1824
1711
1375
1095
1458
3575
3626
3925
4037
4305
4147
3733
3392
2966
2582
2256
1695
1447
1038
797
966
3449
3513
3869
4081
4379
4270
4014
3703
3435
3098
2786
2204
1908
1471
1234
1769
3155
3372
3862
3604
4108
4325
3995
3409
3013
2730
2496
2006
1560
1050
873
1132
3038
3350
3779
3557
4167
4545
4348
3658
3319
3261
3146
2616
2090
1547
1366
2108
3172
3049
3277
3823
3646
4079
4172
3808
3237
2845
2550
2297
1799
1345
855
1202
3033
2940
3263
3757
3626
4172
4421
4194
3518
3186
3118
2988
2453
1917
1372
2319
2988
3075
2966
3257
3896
3658
3957
4000
3636
3071
2674
2359
2078
1566
1110
1248
2858
2946
2864
3255
3849
3659
4077
4280
4048
3383
3053
2969
2814
2262
1715
2483
2781
2911
3010
2969
3366
3953
3584
3829
3846
3478
2908
2494
2153
1831
1314
1492
2659
2789
2887
2873
3378
3921
3604
3970
4154
3917
3258
2921
2813
2621
2048
2911
2612
2716
2856
3019
3091
3435
3892
3477
3702
3700
3310
2728
2293
1913
1553
1804
2499
2600
2739
2899
2999
3457
3876
3516
3866
4033
3790
3131
2782
2637
2397
3489
2495
2561
2675
2885
3155
3188
3403
3809
3378
3582
3549
3131
2526
2061
1644
2189
2387
2453
2563
2770
3038
3102
3433
3812
3436
3770
3922
3663
2998
2627
2433
4183
2402
2450
2527
2709
3032
3263
3166
3333
3719
3276
3449
3373
2916
2287
1787
2505
2296
2347
2423
2599
2916
3146
3089
3376
3736
3356
3677
3804
3522
2845
2442
4685
2283
2364
2425
2568
2861
3148
3257
3111
3261
3627
3168
3297
3164
2661
2006
2836
2183
2262
2324
2464
2751
3032
3148
3046
3318
3668
3282
3579
3675
3364
2664
5058
2158
2245
2334
2457
2700
2964
3138
3200
3038
3171
3508
3023
3090
2887
2331
3179
2062
2148
2235
2358
2595
2853
3029
3102
2988
3249
3589
3189
3455
3506
3148
5465
802
865
1017
1238
1218
1040
899
937
890
781
732
499
432
364
290
330
819
810
942
1152
1226
1085
986
1051
1018
952
794
599
513
517
441
514
728
784
880
994
1133
1103
989
930
858
803
759
583
490
382
298
398
721
755
881
948
1110
1115
1042
1001
974
951
878
701
604
507
440
659
651
698
750
783
1036
1148
1067
907
811
809
768
671
548
397
302
471
625
691
808
768
987
1125
1083
937
915
937
952
807
700
489
431
830
756
620
669
730
779
1014
1096
1008
853
758
749
701
599
472
325
461
722
597
663
791
768
971
1081
1032
889
867
885
894
748
639
432
831
674
731
598
659
737
774
976
1043
957
804
709
693
635
525
393
482
644
699
574
655
802
764
940
1041
989
847
823
836
837
688
573
848
600
655
714
595
678
746
755
944
1004
917
763
665
636
565
445
562
574
626
683
574
675
813
751
913
1006
956
816
790
795
785
628
1000
546
585
643
716
619
691
734
733
914
970
876
720
615
571
484
653
522
559
614
686
596
690
802
732
889
977
926
786
755
749
723
1158
517
534
576
646
746
638
683
716
712
885
931
831
671
557
496
756
494
512
551
619
716
615
684
789
713
868
950
895
755
717
696
1356
499
506
526
581
679
768
633
668
700
691
855
888
778
611
488
829
476
485
503
557
651
739
613
670
774
696
847
923
864
718
671
1468
478
490
499
533
614
703
766
621
654
682
669
820
838
716
540
876
457
470
479
512
589
674
736
604
658
758
681
826
896
830
677
1531
456
469
483
507
559
633
699
753
606
637
661
640
772
769
633
939
436
449
463
486
539
609
672
725
590
644
741
662
798
858
781
1572
1806
1675
1659
1968
2114
2041
1872
1585
1277
1075
897
703
607
437
339
332
1801
1633
1729
1944
2212
2050
1929
1688
1473
1267
1107
953
786
566
439
539
1756
1711
1746
1897
2217
2317
2144
1792
1481
1257
1034
826
666
495
396
444
1685
1669
1812
1911
2197
2354
2231
1932
1646
1476
1262
1084
915
682
534
740
1670
1714
1803
1795
2282
2580
2406
1986
1688
1440
1169
952
718
549
455
584
1547
1670
1865
1841
2138
2650
2532
2166
1805
1689
1412
1210
1045
805
636
995
1889
1675
1734
1862
1895
2330
2565
2393
1974
1672
1416
1134
903
659
482
681
1802
1554
1690
1930
1950
2194
2655
2534
2167
1805
1682
1397
1183
1007
756
1175
1757
1891
1690
1787
1953
1938
2319
2553
2376
1953
1644
1373
1077
832
582
768
1678
1807
1569
1748
2030
1997
2192
2647
2532
2164
1797
1664
1369
1144
952
1409
1594
1756
1901
1737
1871
1982
1922
2304
2537
2350
1919
1598
1307
996
740
912
1522
1679
1816
1616
1835
2065
1989
2189
2647
2523
2149
1778
1633
1327
1087
1752
1468
1591
1763
1944
1814
1890
1964
1910
2287
2509
2310
1866
1524
1215
892
1134
1404
1521
1685
1860
1690
1855
2051
1982
2182
2632
2507
2128
1747
1589
1267
2121
1415
1465
1596
1807
2021
1835
1871
1953
1898
2267
2470
2252
1790
1425
1096
1401
1352
1402
1527
1728
1934
1709
1838
2042
1976
2174
2619
2483
2096
1705
1525
2547
1367
1411
1469
1632
1872
2035
1809
1856
1939
1881
2236
2416
2165
1679
1294
1738
1307
1351
1406
1562
1792
1947
1687
1827
2035
1968
2164
2596
2450
2051
1644
3062
1312
1366
1415
1502
1695
1885
2011
1797
1847
1928
1860
2192
2328
2044
1536
2129
1253
1306
1355
1441
1622
1805
1926
1678
1822
2030
1962
2149
2566
2405
1988
3535
1246
1307
1367
1446
1554
1702
1861
1997
1784
1832
1905
1822
2115
2197
1865
2557
1191
1251
1308
1385
1490
1630
1785
1916
1672
1817
2023
1947
2125
2517
2328
4145
7365
7112
7336
7508
6950
6330
6222
5642
4784
3921
2868
1794
1265
797
495
481
7271
6555
7194
7594
7362
6791
6491
6183
5394
4195
3178
2181
1453
1020
774
821
7155
7497
8214
7831
7681
7414
7121
6428
5641
4714
3721
2536
1774
1103
703
681
6959
7077
7966
7821
8064
8022
7669
7067
6256
5244
4270
3064
2105
1456
1050
1186
6739
7659
8911
7915
8229
8419
7898
7099
6446
5493
4677
3474
2408
1480
969
935
6458
7406
8550
7804
8562
9183
8783
7827
7035
6352
5561
4172
2954
2009
1382
1662
8056
6785
7805
9324
8588
8621
8468
7862
7026
6327
5316
4433
3198
2127
1230
1183
7691
6510
7556
9000
8551
9053
9321
8837
7842
7012
6282
5424
3999
2761
1807
2075
7952
8061
6854
8081
9823
8816
8572
8381
7748
6875
6121
5049
4097
2845
1789
1524
7590
7703
6584
7854
9542
8837
9070
9308
8795
7774
6911
6119
5205
3753
2504
2682
7674
7941
8092
7032
8423
9929
8705
8470
8250
7579
6658
5828
4689
3674
2419
2152
7325
7586
7740
6773
8219
9672
8774
9020
9239
8699
7651
6740
5891
4913
3431
3661
7288
7656
7962
8261
7320
8478
9794
8604
8353
8090
7358
6361
5444
4234
3154
3007
6955
7314
7611
7914
7068
8296
9586
8719
8953
9143
8569
7477
6516
5591
4531
5075
7031
7264
7669
8132
8540
7362
8348
9685
8494
8208
7877
7055
5970
4952
3670
4090
6712
6942
7330
7785
8198
7121
8194
9514
8653
8864
9015
8391
7248
6213
5193
6914
6901
7004
7267
7824
8401
8566
7231
8245
9563
8353
8003
7574
6647
5457
4331
5145
6585
6692
6949
7489
8058
8237
7015
8124
9448
8569
8750
8842
8153
6936
5805
8673
6750
6879
7010
7425
8096
8428
8436
7147
8156
9438
8176
7734
7182
6123
4822
6344
6439
6572
6704
7109
7765
8097
8132
6963
8073
9376
8482
8609
8627
7843
6527
10389
6533
6718
6875
7146
7649
8099
8290
8339
7057
8030
9226
7895
7326
6609
5396
7412
6233
6416
6574
6841
7339
7782
7983
8065
6907
8002
9269
8340
8391
8290
7368
12067
14246
12695
12182
12441
12516
12624
11154
8719
7353
5684
4205
2549
1755
933
595
568
13655
12327
12276
13720
13814
12902
11415
9362
7638
5917
4286
2737
1870
1229
857
901
13378
13165
13666
13037
13390
13553
12110
10309
8739
6599
5174
3547
2445
1365
875
807
12993
12636
13597
13741
14256
14194
13013
10955
9335
7197
5629
3911
2694
1745
1176
1332
12279
13344
14983
13354
14001
14221
12850
11916
10152
7489
6221
4824
3327
1952
1255
1118
12085
12660
14718
13451
14380
15264
14496
12525
11150
8558
7223
5465
3792
2423
1580
1923
13872
12244
13396
15275
13806
14029
13946
12616
11673
9887
7216
5887
4445
2950
1636
1504
13242
12056
12716
15053
13983
14499
15082
14362
12406
11011
8410
7028
5240
3559
2200
2430
13434
13825
12274
13672
15742
13854
13785
13721
12383
11391
9555
6858
5458
3976
2501
2013
12820
13207
12092
13011
15573
14094
14334
14956
14227
12252
10832
8201
6764
4945
3257
3258
12955
13393
13848
12533
14149
15802
13630
13600
13506
12122
11050
9128
6398
4924
3410
2981
12360
12791
13236
12370
13506
15681
13933
14228
14827
14063
12068
10585
7923
6421
4561
4687
12554
12912
13411
14103
12993
14192
15565
13466
13416
13255
11789
10591
8565
5810
4264
4259
11980
12331
12816
13501
12849
13578
15501
13832
14118
14678
13873
11821
10269
7562
5971
6724
12329
12511
12926
13691
14573
13059
13974
15398
13304
13199
12932
11341
9980
7832
5074
5703
11764
11951
12351
13100
13973
12932
13405
15392
13734
13992
14498
13617
11500
9844
7078
9259
12157
12279
12515
13190
14152
14626
12834
13812
15231
13105
12903
12478
10729
9176
6902
7225
11596
11730
11962
12617
13559
14042
12743
13297
15286
13617
13832
14252
13277
11059
9269
11865
11875
12124
12297
12792
13663
14211
14418
12701
13680
15047
12861
12511
11878
9939
8168
9622
11326
11578
11756
12245
13091
13634
13878
12656
13229
15201
13506
13651
13963
12842
10489
15464
11509
11823
12124
12541
13191
13680
13990
14268
12559
13493
14758
12457
11900
10994
8827
11994
10978
11287
11587
12004
12648
13131
13452
13773
12570
13132
15065
13317
13357
13486
12156
18814
7784
7075
6942
7217
6896
6386
5972
5000
4117
3277
2486
1696
1334
834
574
535
7423
7048
7120
7513
7079
6653
5945
5380
4460
3480
2707
1888
1519
1029
769
786
6441
6365
6860
6742
6662
6353
5836
5079
4454
3569
2822
2065
1571
1010
706
679
6139
6257
6858
6884
6829
6635
6034
5453
4756
3901
3214
2365
1851
1273
936
1048
5219
5607
6636
6166
6303
6190
5581
5050
4717
3805
3135
2461
1811
1195
850
843
4971
5438
6466
6175
6450
6479
5998
5413
4964
4281
3735
2901
2209
1544
1116
1366
5992
4799
5202
6302
5952
5954
5699
5071
4544
4230
3360
2724
2085
1478
919
973
5712
4572
5047
6165
5995
6130
6010
5504
4925
4507
3858
3340
2552
1903
1280
1555
5623
5692
4533
5012
6222
5753
5604
5321
4701
4183
3863
3009
2387
1763
1181
1126
5360
5428
4316
4874
6112
5823
5808
5655
5152
4591
4185
3544
3038
2269
1634
1843
5228
5399
5488
4437
5059
6165
5518
5327
5029
4412
3886
3541
2691
2063
1446
1438
4983
5149
5238
4232
4939
6074
5613
5552
5385
4885
4331
3919
3280
2758
1993
2348
4865
5040
5221
5422
4518
5050
5969
5274
5073
4765
4134
3587
3205
2353
1718
1830
4637
4807
4984
5183
4320
4942
5900
5392
5320
5145
4644
4084
3664
3007
2459
2978
4718
4706
4895
5195
5544
4547
4901
5763
5054
4846
4512
3858
3282
2845
1989
2287
4499
4491
4674
4965
5309
4356
4812
5708
5194
5118
4931
4421
3853
3398
2713
3783
4636
4572
4580
4886
5344
5597
4429
4725
5556
4840
4607
4236
3552
2932
2436
2773
4419
4363
4374
4670
5115
5370
4256
4654
5526
5007
4919
4713
4188
3590
3090
4512
4535
4512
4468
4592
5060
5429
5506
4284
4566
5362
4628
4358
3936
3207
2539
3431
4319
4305
4266
4390
4844
5207
5291
4131
4515
5366
4835
4730
4498
3934
3298
5319
4402
4405
4404
4469
4734
5128
5321
5339
4129
4392
5135
4371
4045
3551
2770
3884
4192
4200
4203
4274
4535
4920
5115
5146
3997
4370
5187
4642
4509
4222
3609
5981
1548
1479
1830
2542
3511
3276
2739
2728
2646
2487
2573
2007
1572
1327
1318
2007
1454
1543
1744
2807
4489
4274
3513
3644
3648
3877
3439
2860
2366
2062
2253
4281
1627
1463
1676
2130
3316
3771
3442
3039
2766
2615
2595
2165
1874
1489
1281
2180
1515
1472
1605
2301
4013
4741
4144
3622
3396
3658
3534
3225
2648
2261
2094
4659
1690
1428
1515
1760
3093
4286
4270
3343
2854
2714
2582
2305
2207
1650
1228
2339
1560
1386
1459
1864
3540
5194
4827
3553
3121
3408
3586
3588
2925
2449
1922
5005
2234
1705
1453
1580
1888
3193
4307
4287
3356
2860
2706
2547
2231
2081
1500
2392
2126
1578
1415
1528
2007
3668
5237
4869
3585
3145
3420
3573
3536
2841
2322
4876
2066
2247
1729
1510
1674
1949
3198
4314
4291
3354
2848
2666
2467
2108
1900
2678
1970
2142
1602
1472
1623
2075
3684
5262
4890
3597
3147
3399
3520
3437
2702
5198
1603
2072
2264
1784
1589
1709
1943
3197
4303
4275
3332
2805
2583
2337
1934
3231
1529
1977
2159
1654
1549
1657
2072
3687
5264
4883
3587
3122
3347
3425
3277
5830
1142
1603
2083
2321
1866
1610
1697
1937
3187
4282
4238
3278
2720
2453
2151
3651
1091
1532
1988
2215
1733
1571
1649
2069
3684
5250
4866
3559
3080
3266
3286
6817
916
1142
1610
2136
2416
1894
1598
1693
1933
3173
4250
4174
3183
2589
2267
4121
876
1093
1539
2041
2302
1752
1557
1645
2065
3674
5231
4828
3514
3013
3146
7555
877
915
1145
1650
2220
2439
1871
1592
1688
1925
3153
4190
4063
3043
2409
4549
838
877
1097
1576
2118
2321
1732
1550
1641
2059
3659
5193
4771
3443
2915
7973
923
877
919
1175
1716
2240
2415
1862
1587
1685
1915
3118
4096
3901
2848
4996
880
839
880
1124
1637
2133
2297
1724
1546
1637
2054
3639
5143
4691
3343
8095
944
923
880
943
1220
1729
2219
2406
1857
1584
1679
1895
3049
3935
3651
5623
899
878
842
900
1163
1646
2111
2288
1718
1543
1633
2044
3604
5054
4552
8520
11943
10633
11156
12201
12478
11688
10478
8807
7366
5930
4448
3001
2229
1500
910
884
11432
10392
10959
13017
13062
12154
11106
9894
8444
6742
5188
3421
2660
1857
1354
1524
10809
10685
11652
11568
12708
12542
11478
9813
8339
6686
5416
3912
2837
1867
1191
1210
10391
10340
11362
12069
13083
13284
12231
10859
9463
7867
6372
4663
3538
2389
1720
2067
9562
10490
11893
10717
12652
13153
12288
10687
9226
7367
6446
4981
3527
2273
1522
1621
9230
10055
11512
10936
12808
14188
13163
11647
10365
8971
7648
6213
4600
3003
2135
2738
11288
9348
10322
11933
11099
12864
12915
11903
10297
8841
6986
6022
4535
3098
1893
1958
10768
9027
9898
11579
11375
13093
14027
12855
11331
10055
8665
7326
5875
4263
2699
3342
10652
11072
9198
10400
12393
11404
12699
12575
11511
9897
8428
6552
5521
4018
2610
2442
10165
10571
8890
9996
12075
11729
12996
13747
12537
11011
9741
8327
6960
5480
3868
4195
9984
10467
10936
9288
10917
12770
11325
12421
12221
11119
9477
7958
6044
4938
3427
3294
9530
9997
10449
8995
10523
12479
11697
12781
13454
12222
10697
9399
7951
6538
5017
5744
9464
9832
10359
11072
9828
11328
12743
11122
12130
11860
10703
8996
7397
5449
4259
4448
9037
9396
9901
10596
9533
10941
12487
11540
12549
13171
11919
10365
9023
7522
6043
7748
9271
9318
9727
10514
11648
10250
11300
12544
10870
11805
11454
10196
8399
6718
4738
5801
8851
8904
9300
10061
11160
9951
10939
12330
11328
12291
12867
11568
9972
8571
6991
9949
9153
9125
9214
9878
11104
12094
10236
11110
12288
10580
11421
10942
9555
7663
5893
7011
8739
8722
8811
9453
10638
11600
9960
10789
12127
11097
12019
12517
11161
9506
8015
12198
8922
9015
9030
9366
10447
11538
12083
10064
10884
12009
10255
10958
10312
8775
6779
8693
8517
8616
8636
8968
10012
11069
11617
9827
10612
11919
10869
11722
12130
10693
8949
14598
8622
8776
8909
9157
9860
10829
11512
11892
9838
10608
11644
9817
10317
9463
7747
10344
8231
8386
8520
8769
9456
10394
11064
11462
9646
10405
11675
10585
11344
11610
10049
16899
4551
4252
4762
5717
5855
4648
3816
3442
3229
3303
2781
1688
1172
686
452
415
4468
4221
4692
5952
6115
4806
4208
3818
4355
4226
3285
2013
1482
1051
822
786
4535
4519
5113
5263
5524
5294
4739
4077
3614
3318
2882
2165
1583
902
594
560
4395
4467
5010
5409
5787
5554
5246
4479
4493
4171
3652
2784
2058
1361
1001
1103
4427
4700
5371
4743
5099
5900
5761
4726
3958
3260
2921
2719
2093
1159
765
737
4231
4627
5235
4810
5364
6283
6402
5143
4539
4030
3973
3769
2799
1721
1192
1513
4351
4441
4761
5559
5042
5246
5874
5714
4673
3889
3168
2788
2525
1872
981
958
4157
4250
4692
5443
5148
5558
6305
6409
5142
4523
3994
3896
3642
2649
1577
1895
4212
4347
4466
4889
5785
5111
5185
5803
5630
4580
3778
3027
2599
2272
1600
1251
4025
4156
4279
4835
5689
5245
5529
6278
6373
5100
4469
3913
3769
3458
2444
2463
3990
4206
4365
4579
5094
5844
5051
5134
5731
5530
4460
3623
2837
2357
1963
1901
3815
4023
4178
4398
5056
5769
5211
5508
6246
6322
5044
4387
3798
3598
3213
3568
3801
3984
4220
4460
4772
5136
5775
5004
5077
5640
5395
4290
3412
2589
2054
2584
3636
3813
4042
4279
4595
5112
5725
5190
5481
6203
6257
4960
4274
3646
3372
4967
3651
3792
3993
4318
4623
4812
5070
5725
4955
5008
5514
5207
4059
3136
2275
3096
3491
3631
3826
4142
4444
4641
5057
5696
5161
5444
6145
6160
4842
4116
3433
6073
3485
3637
3796
4078
4466
4646
4735
5018
5670
4889
4905
5338
4943
3748
2779
3596
3330
3484
3638
3911
4290
4468
4577
5021
5664
5126
5393
6058
6025
4677
3899
6884
3273
3476
3645
3882
4226
4488
4582
4688
4974
5607
4804
4766
5095
4594
3350
4329
3128
3326
3490
3723
4057
4316
4418
4547
4998
5637
5091
5331
5946
5848
4459
7859
3065
3259
3476
3720
4005
4234
4421
4538
4641
4910
5507
4663
4543
4731
4098
5191
2929
3118
3329
3565
3847
4072
4259
4386
4520
4967
5592
5028
5229
5765
5563
8949
1356
1471
1757
2254
2403
2217
2063
2209
2062
1885
1602
1294
1230
1096
1000
1302
1376
1380
1735
2203
2653
2431
2339
2574
2550
2382
2156
1736
1722
1672
1593
2578
1464
1473
1632
1966
2351
2489
2385
2294
2127
2084
1862
1519
1318
1111
995
1504
1403
1382
1613
1870
2439
2640
2688
2632
2572
2536
2374
2036
1874
1670
1586
3098
1563
1458
1501
1698
2279
2766
2730
2358
2175
2283
2144
1767
1400
1119
976
1720
1420
1370
1485
1571
2220
2839
3059
2666
2566
2675
2591
2363
2019
1656
1567
3688
1794
1579
1489
1577
1843
2384
2792
2749
2362
2169
2255
2084
1677
1284
979
1715
1714
1440
1404
1569
1720
2339
2891
3101
2697
2587
2683
2573
2317
1944
1551
3629
1604
1803
1598
1545
1668
1897
2381
2785
2731
2342
2135
2187
1978
1543
1129
1741
1534
1724
1459
1461
1664
1778
2349
2902
3105
2698
2579
2654
2518
2229
1822
3627
1382
1606
1813
1646
1619
1697
1883
2368
2764
2698
2301
2072
2079
1825
1364
1915
1323
1536
1737
1506
1536
1696
1773
2346
2894
3091
2678
2545
2595
2427
2098
3916
1213
1383
1615
1862
1729
1645
1688
1874
2356
2738
2653
2236
1975
1926
1625
2224
1162
1324
1547
1786
1584
1563
1692
1770
2342
2884
3070
2647
2497
2510
2299
4391
1154
1214
1389
1658
1941
1754
1632
1681
1864
2335
2697
2584
2139
1842
1728
2635
1104
1162
1330
1591
1862
1608
1552
1686
1767
2333
2865
3036
2599
2423
2390
4915
1144
1153
1217
1424
1727
1962
1735
1623
1671
1849
2305
2633
2480
2002
1663
2985
1095
1104
1166
1365
1656
1881
1592
1546
1682
1760
2321
2838
2987
2531
2322
5361
1121
1142
1155
1246
1479
1736
1937
1720
1612
1658
1826
2253
2535
2332
1820
3191
1073
1094
1108
1195
1418
1666
1862
1583
1541
1675
1753
2302
2799
2920
2436
5647
1060
1117
1143
1180
1288
1484
1714
1922
1706
1597
1637
1785
2168
2381
2116
3424
1014
1070
1096
1131
1237
1426
1647
1850
1577
1534
1666
1737
2268
2731
2806
5917
1698
1590
1807
2320
2911
2877
2475
2182
2115
1839
1606
1137
943
748
702
944
1653
1540
1837
2468
3263
3246
2782
2798
2689
2410
2087
1591
1358
1256
1228
1906
1646
1534
1733
2187
3002
3317
2890
2405
2227
1952
1791
1378
1153
839
732
1062
1604
1500
1689
2205
3240
3597
3189
2975
2637
2492
2321
1924
1635
1338
1233
2210
1575
1459
1638
2033
3057
3775
3328
2615
2314
2045
1970
1648
1392
928
756
1181
1534
1441
1533
1943
3176
3933
3605
3119
2553
2538
2545
2296
1944
1406
1223
2527
2176
1581
1474
1686
2131
3102
3747
3310
2601
2296
2017
1918
1570
1287
823
1269
2077
1543
1460
1584
2046
3234
3929
3608
3124
2554
2531
2521
2252
1878
1327
2662
1939
2180
1592
1514
1755
2160
3074
3726
3287
2576
2262
1962
1831
1458
1147
1392
1852
2082
1555
1502
1651
2076
3219
3921
3605
3117
2544
2506
2475
2180
1780
2877
1602
1941
2194
1636
1583
1779
2142
3059
3701
3260
2540
2206
1879
1706
1308
1746
1530
1855
2096
1599
1570
1677
2067
3213
3914
3594
3102
2519
2464
2404
2076
3451
1295
1600
1949
2242
1709
1599
1764
2130
3043
3677
3213
2480
2116
1757
1538
2110
1239
1531
1866
2146
1672
1588
1667
2060
3206
3899
3575
3072
2481
2400
2301
4134
1161
1293
1605
1994
2326
1725
1581
1754
2117
3019
3625
3141
2384
1988
1594
2539
1111
1237
1536
1910
2226
1686
1571
1659
2054
3193
3878
3543
3029
2423
2308
4828
1152
1158
1295
1641
2068
2342
1701
1570
1743
2103
2981
3546
3029
2249
1814
2877
1103
1109
1240
1572
1979
2241
1666
1563
1655
2046
3178
3848
3499
2964
2341
5327
1171
1151
1161
1327
1706
2086
2318
1690
1562
1736
2084
2932
3435
2872
2069
3294
1118
1102
1113
1271
1634
1994
2219
1657
1559
1650
2041
3160
3810
3434
2875
5724
1142
1167
1153
1188
1373
1715
2061
2304
1681
1553
1721
2046
2839
3257
2638
3751
1092
1118
1105
1138
1317
1643
1973
2209
1653
1556
1646
2030
3128
3741
3330
6436
3244
2992
3389
3781
3991
3390
3020
2871
2724
2399
1923
1380
1131
945
748
786
3030
2954
3257
3976
4248
3553
3213
3350
3283
2921
2327
1716
1656
1344
1159
1432
2796
2724
3135
3277
3795
3509
3187
2874
2716
2439
2096
1609
1284
963
769
935
2691
2776
3032
3437
3920
3747
3489
3337
3102
2905
2608
2096
1825
1388
1214
1803
2373
2441
2854
2795
3549
3570
3307
2830
2662
2436
2247
1844
1435
967
781
1096
2350
2566
2776
2923
3559
3886
3729
3272
2883
2846
2875
2520
1979
1410
1252
2232
3048
2241
2316
2757
2747
3427
3354
3085
2622
2455
2220
2017
1613
1211
767
1091
2913
2222
2442
2686
2895
3460
3691
3516
3074
2696
2653
2662
2305
1774
1217
2240
2753
2950
2163
2285
2794
2735
3308
3203
2928
2469
2292
2040
1812
1396
993
1119
2634
2823
2147
2420
2735
2900
3361
3552
3373
2938
2565
2505
2489
2112
1576
2287
2475
2669
2878
2148
2338
2805
2654
3182
3062
2788
2324
2130
1853
1591
1165
1331
2366
2555
2755
2136
2488
2758
2830
3252
3430
3249
2816
2441
2363
2306
1900
2659
2274
2407
2606
2876
2216
2369
2746
2561
3068
2933
2644
2174
1952
1642
1343
1599
2174
2304
2498
2758
2211
2525
2711
2749
3155
3322
3130
2695
2316
2204
2099
3193
2217
2213
2355
2612
2970
2260
2323
2666
2470
2953
2798
2486
2002
1745
1400
1903
2120
2119
2255
2509
2855
2262
2486
2643
2669
3060
3206
3007
2568
2173
2021
3726
2215
2161
2167
2365
2717
3032
2227
2256
2584
2379
2827
2643
2303
1799
1504
2146
2118
2069
2077
2271
2613
2919
2233
2426
2573
2589
2964
3089
2876
2422
2005
4035
2180
2172
2128
2191
2481
2798
3008
2175
2197
2510
2289
2694
2470
2096
1571
2401
2083
2078
2040
2101
2385
2697
2904
2189
2372
2513
2522
2877
2976
2735
2256
4252
2099
2133
2134
2146
2288
2550
2771
2944
2112
2128
2421
2174
2519
2247
1828
2594
2007
2042
2047
2060
2200
2456
2676
2851
2137
2316
2448
2443
2767
2827
2548
4580
3724
3669
4156
4562
4516
4162
4193
4158
3788
2988
2399
1813
1571
1255
900
892
3658
3563
3982
4622
4850
4671
4631
4838
4234
3544
2962
2285
1984
1695
1289
1586
3297
3369
3927
4108
4483
4373
4304
4157
3920
3353
2832
2168
1762
1368
1034
1194
3220
3330
3835
4153
4633
4761
4783
4814
4383
4040
3490
2746
2365
1900
1505
2147
2864
3034
3642
3629
4371
4509
4332
4079
3980
3691
3280
2543
1940
1464
1165
1567
2781
3054
3625
3661
4343
4761
4848
4700
4451
4520
4033
3240
2768
2090
1725
2853
3318
2795
2978
3647
3744
4424
4419
4189
3929
3818
3509
3073
2325
1713
1228
1693
3165
2715
3002
3640
3793
4420
4699
4726
4571
4316
4370
3869
3068
2571
1884
3103
3055
3247
2741
2990
3771
3820
4350
4290
4045
3774
3639
3299
2826
2067
1451
1838
2917
3100
2666
3021
3778
3883
4369
4589
4600
4435
4174
4201
3676
2861
2336
3419
2813
2998
3203
2765
3133
3879
3786
4254
4172
3909
3618
3446
3054
2540
1774
2131
2687
2865
3062
2695
3174
3896
3864
4290
4489
4484
4309
4027
4016
3460
2624
4059
2597
2766
2963
3239
2916
3244
3862
3713
4153
4047
3765
3440
3210
2766
2203
2576
2480
2643
2833
3099
2846
3288
3888
3805
4207
4389
4369
4172
3865
3802
3203
4762
2457
2557
2738
3010
3410
3042
3239
3805
3633
4050
3913
3596
3222
2930
2420
3199
2347
2446
2617
2881
3265
2971
3288
3840
3738
4124
4283
4245
4023
3681
3549
5744
2363
2419
2532
2782
3181
3542
3039
3186
3730
3543
3925
3748
3381
2952
2584
3759
2259
2315
2423
2663
3047
3396
2975
3246
3781
3667
4039
4172
4105
3847
3454
6693
2271
2329
2396
2573
2945
3307
3540
2991
3125
3648
3440
3775
3541
3117
2625
4266
2171
2228
2293
2467
2822
3172
3401
2936
3193
3716
3594
3945
4049
3940
3630
7291
2167
2234
2300
2429
2710
3052
3300
3484
2925
3046
3542
3299
3562
3258
2763
4588
2070
2138
2203
2329
2602
2929
3170
3356
2883
3133
3642
3504
3821
3880
3711
7811
519
489
506
438
350
294
308
287
270
211
160
134
111
89
53
49
517
463
457
464
381
300
298
309
251
175
137
93
96
76
43
52
397
436
486
428
364
307
306
270
288
239
206
171
132
95
60
62
407
388
467
409
370
308
312
282
269
219
183
126
112
87
59
70
294
379
460
407
375
316
297
252
300
264
262
215
153
97
69
77
313
319
467
352
353
313
321
253
281
270
237
166
131
95
79
92
264
281
365
448
407
368
301
280
237
281
244
239
192
131
78
88
251
300
306
464
353
349
301
306
239
266
255
222
154
119
84
115
273
256
273
363
459
408
358
289
267
224
265
226
216
166
108
102
261
244
293
304
471
357
341
290
295
230
255
243
208
141
106
134
278
268
251
275
376
461
401
347
279
257
212
248
206
191
139
134
265
254
238
295
317
480
353
334
281
287
221
244
230
194
128
166
272
273
263
252
289
387
462
392
337
268
245
198
228
183
161
177
259
259
250
240
310
328
480
346
326
274
278
212
233
214
178
206
259
267
269
265
264
298
385
458
383
327
257
232
183
205
157
221
247
255
256
254
253
321
327
469
339
318
266
269
204
221
199
274
242
254
264
273
280
275
297
378
446
371
316
244
217
166
179
247
230
243
252
261
268
264
319
321
468
331
310
258
258
193
205
336
225
237
252
269
288
292
275
292
369
433
359
301
230
197
145
281
215
227
241
257
275
279
265
316
315
455
323
303
249
247
181
384
214
221
235
256
282
297
290
270
285
358
421
342
282
208
172
274
204
210
224
244
271
286
279
261
310
309
442
314
291
238
230
396
1615
1643
1989
2359
2458
2275
2205
2396
2279
1951
1558
1251
1311
1244
1078
1235
1538
1577
1950
2375
2701
2514
2447
2780
2598
2366
2036
1799
1799
1798
1693
2549
1738
1714
1967
2293
2671
2729
2664
2639
2531
2281
1960
1615
1395
1197
1035
1495
1681
1643
1912
2263
2794
2903
2892
2967
2782
2665
2431
2100
1925
1775
1684
3099
1849
1768
1916
2199
2866
3232
3180
2870
2777
2632
2436
2055
1465
1137
981
1787
1813
1688
1855
2127
2852
3306
3372
3126
2940
2964
2863
2420
2034
1728
1653
3722
2362
1880
1823
2048
2439
3057
3319
3228
2894
2780
2605
2369
1950
1342
990
1740
2256
1848
1747
1995
2378
3067
3431
3456
3186
2981
2983
2850
2378
1961
1615
3700
2150
2378
1912
1913
2208
2553
3082
3328
3222
2876
2737
2525
2242
1786
1174
1746
2056
2276
1885
1842
2163
2507
3112
3464
3476
3196
2977
2952
2784
2282
1831
3695
1938
2156
2401
1986
2034
2275
2553
3077
3312
3192
2826
2652
2395
2062
1569
1927
1854
2064
2300
1958
1965
2233
2517
3120
3461
3470
3177
2939
2884
2677
2138
3938
1747
1941
2174
2472
2099
2080
2269
2545
3061
3278
3138
2743
2523
2212
1825
2366
1670
1858
2081
2371
2074
2012
2232
2516
3116
3448
3446
3135
2876
2780
2526
4401
1663
1747
1953
2238
2587
2139
2066
2259
2533
3033
3225
3049
2615
2342
1970
2852
1589
1671
1869
2143
2482
2114
2002
2228
2512
3104
3425
3404
3073
2785
2638
5068
1657
1661
1756
2006
2338
2622
2120
2054
2247
2510
2988
3141
2917
2438
2104
3283
1583
1589
1680
1923
2244
2519
2098
1996
2224
2501
3086
3387
3344
2985
2655
5629
1626
1653
1664
1796
2082
2353
2590
2103
2040
2228
2475
2917
3017
2733
2205
3688
1552
1581
1593
1720
1995
2255
2490
2086
1987
2215
2487
3055
3335
3259
2861
6070
1551
1619
1654
1698
1854
2087
2320
2566
2083
2019
2196
2415
2798
2823
2466
4002
1482
1549
1583
1627
1779
2003
2229
2476
2074
1976
2200
2463
3006
3247
3118
6510
1172
1163
1179
1409
1548
1436
1265
1269
1153
1023
953
810
582
412
331
348
1132
1071
1190
1454
1877
1785
1695
1545
1417
1282
1184
867
680
480
365
563
1284
1298
1399
1470
1633
1692
1579
1514
1421
1295
1167
989
768
572
454
541
1217
1262
1393
1501
1925
1985
2020
1863
1724
1582
1447
1144
932
678
519
855
1333
1379
1575
1462
1640
1895
1872
1719
1668
1560
1359
1150
963
756
591
804
1245
1412
1550
1476
1875
2100
2289
2138
1994
1860
1681
1436
1215
908
704
1230
1858
1353
1417
1673
1616
1752
1944
1902
1741
1682
1563
1344
1116
911
687
955
1770
1266
1454
1652
1641
2004
2167
2337
2172
2021
1876
1680
1421
1183
865
1407
1725
1870
1374
1479
1782
1681
1762
1948
1905
1738
1672
1535
1299
1050
825
1131
1642
1779
1287
1517
1765
1709
2020
2180
2345
2179
2021
1864
1655
1381
1129
1672
1555
1730
1886
1425
1573
1833
1683
1764
1946
1897
1724
1644
1485
1227
960
1375
1481
1648
1797
1338
1616
1818
1716
2027
2185
2351
2175
2007
1837
1613
1321
2102
1449
1555
1739
1935
1501
1602
1826
1679
1760
1937
1882
1694
1591
1405
1125
1658
1384
1483
1659
1847
1410
1645
1812
1715
2024
2182
2339
2159
1980
1794
1551
2588
1409
1449
1562
1788
2021
1528
1590
1819
1676
1751
1922
1851
1644
1511
1296
1982
1344
1384
1490
1706
1928
1433
1632
1808
1713
2020
2173
2319
2132
1939
1731
3134
1412
1406
1454
1602
1867
2047
1513
1583
1814
1667
1737
1891
1797
1567
1402
2344
1347
1344
1389
1530
1780
1951
1421
1626
1805
1709
2012
2158
2293
2091
1876
3672
1371
1410
1410
1488
1664
1879
2025
1504
1576
1807
1655
1714
1845
1722
1461
2692
1308
1346
1348
1424
1590
1794
1931
1415
1622
1803
1705
2003
2138
2256
2033
4184
1327
1365
1410
1441
1538
1671
1856
2010
1495
1567
1793
1632
1669
1763
1603
2956
1267
1305
1349
1378
1474
1597
1772
1920
1408
1616
1795
1695
1984
2100
2190
4670
6257
5667
5574
5286
5010
4581
4516
3704
3204
2453
1782
1108
695
489
308
315
6130
5657
5332
5518
5151
4853
4506
3813
3238
2345
1662
1050
788
524
332
426
5853
5912
6375
5834
5579
5250
5080
4390
3925
3062
2411
1646
1066
708
428
442
5675
5874
6186
6007
5643
5584
5251
4664
4079
3117
2410
1610
1205
763
501
605
5267
5934
7017
6196
5979
5790
5498
5007
4622
3679
3142
2353
1577
991
570
595
5056
5867
6904
6297
5951
6181
5889
5489
4942
3987
3364
2375
1773
1067
726
828
6455
5275
5999
7246
6553
6123
5748
5428
4924
4509
3545
2967
2159
1389
823
719
6161
5066
5934
7157
6707
6148
6186
5874
5460
4893
3923
3270
2271
1655
960
1066
6542
6451
5317
6188
7581
6684
6071
5677
5342
4810
4357
3363
2740
1920
1168
980
6238
6161
5109
6140
7536
6879
6140
6162
5835
5401
4815
3820
3136
2131
1500
1404
6408
6530
6475
5455
6450
7659
6599
5997
5589
5224
4657
4149
3123
2457
1633
1398
6111
6233
6188
5255
6426
7639
6829
6106
6114
5770
5316
4699
3678
2960
1950
2068
6131
6393
6547
6609
5676
6491
7554
6521
5913
5478
5071
4449
3874
2821
2109
1999
5847
6102
6252
6325
5484
6483
7561
6784
6060
6050
5685
5196
4542
3493
2732
2880
5962
6112
6405
6694
6846
5721
6398
7472
6440
5812
5335
4862
4175
3524
2444
2725
5683
5835
6118
6402
6566
5539
6410
7511
6734
6003
5969
5568
5038
4333
3246
4058
5830
5936
6112
6536
6919
6870
5621
6319
7382
6333
5665
5128
4579
3816
3080
3426
5559
5665
5840
6251
6630
6602
5459
6355
7455
6668
5924
5854
5410
4824
4052
5254
5635
5811
5940
6243
6761
6941
6764
5557
6247
7282
6197
5474
4861
4217
3370
4369
5372
5545
5676
5976
6481
6664
6520
5416
6316
7399
6602
5832
5717
5209
4544
6732
5534
5607
5807
6053
6432
6763
6826
6687
5485
6151
7122
5981
5184
4473
3716
5135
5277
5352
5548
5793
6168
6497
6571
6465
5374
6261
7322
6496
5688
5496
4900
8079
483
394
486
608
663
617
591
493
477
417
360
305
264
237
254
261
446
411
428
580
751
685
576
584
541
509
415
399
384
366
358
534
516
460
521
623
752
717
649
533
534
452
396
320
288
227
233
291
490
476
502
585
786
757
626
633
563
547
463
399
389
331
343
609
533
538
561
640
851
833
712
578
598
492
437
334
312
220
212
327
538
551
590
590
821
836
682
685
587
587
516
403
392
298
328
695
798
535
544
580
677
870
827
706
570
586
477
415
308
277
184
328
766
542
559
615
631
847
840
686
687
588
584
509
393
374
276
703
734
797
539
559
605
685
859
818
695
559
568
453
386
277
235
315
704
766
547
577
644
644
843
839
684
683
583
575
495
376
349
676
674
733
802
552
582
610
677
850
807
681
543
542
423
347
238
351
646
704
770
562
605
653
640
836
835
680
677
573
560
474
352
730
636
672
735
817
576
587
603
670
831
792
663
520
508
384
299
380
609
645
706
787
586
609
647
635
836
828
672
665
558
538
447
778
638
633
671
749
849
580
578
596
661
822
770
635
489
464
335
448
611
607
645
722
817
592
602
643
633
832
820
662
651
540
509
894
647
635
633
685
774
852
568
571
589
650
803
742
600
449
408
519
620
610
608
660
748
817
583
599
639
628
822
808
648
630
515
1031
649
646
636
647
709
778
836
563
565
582
637
778
707
555
399
622
621
619
610
622
684
751
811
580
594
636
623
813
796
630
603
1130
635
646
645
649
667
710
765
826
556
556
569
617
739
652
492
674
607
619
619
622
643
687
740
805
575
591
632
617
799
774
603
1270
3131
2989
3156
3377
3232
2923
2734
2306
1988
1736
1354
875
634
427
245
255
3001
2790
3108
3396
3316
3019
2869
2540
2222
1813
1434
948
750
546
383
488
2809
2886
3084
3103
3196
3134
2814
2519
2204
1828
1543
1128
850
543
341
351
2682
2714
3036
3069
3264
3220
3128
2684
2396
2043
1724
1251
983
683
501
676
2463
2726
2951
2791
3093
3288
2836
2694
2390
1883
1719
1422
1114
674
465
475
2345
2585
2902
2714
3144
3360
3337
2776
2527
2252
2028
1615
1260
836
643
914
2707
2375
2648
2916
2823
3068
3167
2702
2565
2266
1764
1591
1284
970
554
582
2575
2262
2509
2877
2754
3133
3254
3207
2659
2417
2141
1914
1502
1145
731
1029
2503
2630
2313
2636
2983
2842
2987
3051
2584
2444
2142
1641
1448
1129
811
717
2381
2502
2202
2505
2949
2783
3064
3144
3093
2553
2311
2031
1795
1378
1018
1179
2326
2440
2579
2316
2734
3035
2791
2898
2947
2479
2326
2012
1506
1289
958
995
2215
2324
2454
2208
2601
3006
2742
2984
3055
2991
2454
2207
1917
1662
1237
1520
2183
2281
2405
2599
2431
2813
3005
2727
2818
2852
2377
2201
1865
1353
1108
1285
2078
2173
2290
2476
2321
2680
2983
2688
2912
2969
2897
2357
2101
1792
1514
1935
2109
2144
2251
2435
2725
2522
2796
2954
2658
2734
2749
2257
2053
1692
1174
1583
2010
2043
2144
2320
2596
2409
2667
2935
2627
2841
2883
2798
2252
1978
1646
2440
2053
2071
2115
2279
2561
2818
2507
2741
2883
2584
2640
2622
2111
1870
1481
1823
1955
1974
2016
2175
2442
2687
2400
2621
2875
2562
2765
2791
2683
2127
1826
2880
1966
2023
2049
2149
2411
2661
2814
2466
2685
2821
2505
2532
2471
1939
1655
2224
1871
1928
1953
2051
2300
2539
2689
2364
2575
2820
2503
2688
2690
2553
1984
3339
1883
1934
1999
2079
2264
2500
2655
2769
2409
2618
2735
2399
2384
2270
1710
2585
1792
1841
1904
1981
2161
2387
2535
2651
2317
2521
2759
2429
2588
2555
2376
3747
6872
6250
6266
6328
6460
6166
5615
4655
3848
3148
2276
1487
952
644
405
437
6672
6187
6328
7062
7025
6191
5849
5043
4262
3246
2409
1587
1164
855
619
681
6219
6103
6657
6348
6681
6478
5990
5144
4465
3633
2859
2002
1364
859
544
582
6038
6019
6508
6760
7042
6743
6460
5605
4939
3908
3159
2227
1608
1133
784
978
5519
5838
6929
6242
6770
6668
6261
5570
5077
4108
3518
2641
1911
1120
713
759
5353
5737
6556
6339
6911
7194
6993
6105
5609
4608
4060
3059
2176
1469
973
1379
5736
5439
5785
7009
6555
6987
6631
6131
5423
4919
3944
3331
2440
1709
953
944
5474
5278
5688
6648
6678
7165
7193
6896
5993
5492
4497
3935
2930
2049
1348
1650
5622
5660
5391
5873
7364
6822
6973
6514
5983
5260
4738
3745
3093
2196
1469
1236
5365
5402
5234
5789
7013
6966
7183
7109
6780
5871
5370
4365
3782
2771
1894
2143
5453
5555
5618
5487
6239
7664
6842
6876
6381
5827
5087
4525
3500
2809
1907
1818
5204
5307
5366
5338
6158
7321
7009
7120
7006
6662
5753
5233
4212
3603
2583
2946
5213
5392
5519
5718
5853
6532
7697
6768
6761
6238
5655
4876
4254
3196
2461
2519
4977
5154
5277
5471
5702
6454
7379
6963
7034
6901
6545
5622
5078
4036
3384
4083
5029
5156
5359
5635
6074
6145
6566
7623
6662
6626
6073
5439
4602
3912
2825
3395
4802
4929
5128
5395
5819
5993
6502
7329
6881
6937
6791
6410
5466
4887
3811
5544
4869
4973
5123
5474
5999
6366
6175
6497
7514
6531
6461
5854
5150
4250
3485
4228
4647
4753
4901
5243
5749
6105
6035
6456
7256
6788
6831
6659
6247
5272
4640
6897
4678
4819
4943
5238
5839
6287
6406
6116
6407
7392
6385
6256
5574
4787
3816
5300
4468
4609
4733
5020
5601
6034
6162
5998
6390
7174
6700
6720
6514
6055
5036
8543
4499
4624
4783
5042
5561
6099
6317
6344
6020
6286
7229
6170
5949
5175
4290
6188
4296
4420
4578
4835
5342
5864
6076
6117
5928
6307
7072
6583
6564
6306
5776
9965
4129
4064
4525
5446
5328
4943
4593
4603
4195
3599
3063
2308
2166
1904
1588
1726
4055
3889
4579
5373
5662
5146
5015
5257
4908
4372
3744
3042
2947
2683
2377
3163
3747
3846
4309
4782
5227
5278
4815
4584
4285
3912
3435
2694
2370
1888
1590
2022
3680
3692
4289
4741
5491
5450
5281
5131
4981
4719
4232
3541
3204
2706
2473
3837
3363
3605
4066
4161
5079
5583
5001
4521
4337
4210
3817
3118
2570
1856
1582
2349
3309
3473
3981
4146
5277
5720
5511
4962
5006
5047
4740
4085
3452
2700
2551
4613
4002
3290
3549
4079
4309
5160
5486
4844
4360
4160
4000
3572
2844
2262
1548
2399
3828
3244
3426
4011
4321
5397
5673
5397
4840
4874
4899
4566
3888
3226
2451
4871
3649
3926
3235
3574
4237
4414
5088
5339
4685
4190
3966
3758
3278
2522
1909
2447
3493
3761
3196
3460
4187
4451
5357
5556
5272
4714
4735
4728
4360
3647
2949
5017
3341
3582
3873
3262
3742
4357
4373
4969
5187
4520
4011
3744
3471
2935
2154
2800
3198
3434
3716
3230
3635
4318
4427
5265
5436
5142
4580
4577
4528
4116
3360
5616
3009
3292
3546
3924
3453
3886
4350
4296
4856
5042
4355
3810
3485
3136
2536
3236
2881
3155
3401
3771
3426
3784
4325
4371
5176
5328
5025
4448
4409
4306
3829
6425
2843
2965
3258
3602
4131
3603
3880
4285
4203
4731
4871
4153
3563
3169
2733
3821
2723
2841
3125
3460
3974
3577
3787
4274
4297
5079
5218
4889
4294
4209
4030
7394
2755
2801
2933
3311
3809
4290
3601
3817
4197
4095
4581
4661
3896
3255
2786
4352
2639
2685
2814
3180
3663
4135
3583
3740
4207
4216
4980
5088
4736
4112
3964
8236
2676
2714
2770
2982
3502
3958
4286
3541
3739
4099
3972
4396
4395
3581
2883
4759
2561
2601
2658
2864
3371
3812
4139
3537
3680
4136
4133
4866
4942
4554
3892
8807
2550
2630
2679
2808
3140
3629
3945
4217
3461
3645
3976
3803
4142
4038
3164
5057
2441
2520
2570
2697
3021
3498
3808
4084
3474
3608
4054
4031
4721
4744
4303
9088
2390
2465
3036
3724
4517
3793
3525
3775
3838
3468
2995
2219
1750
1462
1345
1757
2211
2310
2847
3983
5037
4621
4208
4757
4811
4499
3834
2748
2436
2325
2253
3582
2427
2435
2727
3220
4397
4395
4273
3872
3754
3533
3324
2709
2175
1628
1347
2020
2277
2304
2549
3314
4798
5285
4909
4687
4459
4512
4223
3448
3020
2452
2212
4277
2419
2369
2408
2738
4209
5008
5093
3902
3613
3534
3628
3250
2658
1781
1330
2283
2307
2257
2247
2712
4494
5943
5632
4543
4064
4452
4575
4254
3684
2542
2134
5024
2732
2440
2410
2513
2945
4358
5037
5106
3913
3613
3510
3561
3124
2484
1599
2394
2605
2332
2301
2358
2931
4675
6004
5683
4585
4095
4466
4556
4192
3577
2411
5075
2545
2743
2466
2494
2649
3021
4350
5029
5095
3896
3578
3442
3424
2927
2241
2708
2431
2620
2361
2388
2491
3013
4682
6018
5695
4589
4091
4435
4484
4070
3400
5412
2116
2551
2765
2543
2621
2704
3009
4340
5010
5067
3858
3509
3315
3219
2655
3462
2023
2439
2641
2438
2512
2543
3010
4684
6024
5691
4577
4059
4367
4365
3889
6572
1637
2118
2567
2834
2664
2657
2687
2999
4325
4986
5014
3784
3387
3124
2936
4304
1568
2026
2453
2710
2552
2543
2530
3006
4681
6007
5669
4541
4006
4265
4191
7864
1382
1639
2129
2635
2954
2702
2637
2679
2991
4306
4942
4925
3663
3210
2867
5109
1323
1568
2037
2521
2822
2587
2525
2526
3002
4671
5990
5630
4486
3922
4112
9069
1310
1380
1644
2180
2736
2980
2668
2622
2669
2976
4268
4860
4776
3480
2961
5608
1254
1323
1574
2086
2618
2846
2558
2516
2521
2994
4655
5949
5565
4399
3797
9858
1299
1310
1387
1684
2266
2758
2949
2654
2612
2659
2954
4208
4729
4557
3230
6058
1242
1254
1327
1614
2169
2636
2818
2545
2510
2516
2988
4631
5894
5472
4273
10175
1254
1297
1313
1417
1744
2278
2728
2932
2642
2599
2639
2912
4093
4509
4223
6543
1199
1240
1257
1357
1670
2180
2606
2804
2538
2504
2509
2972
4586
5791
5310
10772
3921
3547
3392
3323
3396
3508
3319
2688
2214
1640
1271
852
642
469
283
301
3825
3463
3420
3505
3657
3429
3205
2717
2259
1726
1417
894
744
545
378
478
3488
3495
3691
3471
3616
3483
3371
2979
2599
1996
1580
1125
823
554
359
387
3410
3407
3704
3584
3758
3632
3490
3056
2679
2124
1745
1208
967
668
480
614
3030
3367
3928
3546
3766
3384
3352
3228
2985
2378
1920
1455
1030
637
446
487
2971
3280
3925
3590
3782
3762
3717
3362
3111
2558
2102
1598
1231
804
598
771
3752
2962
3314
3937
3668
3827
3324
3241
3103
2850
2244
1782
1315
897
524
570
3566
2904
3228
3941
3728
3862
3714
3619
3256
3000
2450
1991
1487
1117
701
898
3655
3686
2919
3344
4096
3775
3785
3234
3131
2978
2710
2097
1624
1156
747
681
3473
3501
2859
3260
4116
3844
3835
3632
3518
3148
2887
2332
1868
1363
991
1065
3494
3594
3642
2950
3515
4225
3751
3702
3136
3019
2844
2549
1925
1443
976
919
3321
3414
3460
2894
3433
4242
3834
3766
3543
3416
3040
2763
2199
1725
1219
1408
3331
3444
3561
3693
3128
3652
4218
3689
3617
3041
2901
2693
2364
1727
1234
1241
3166
3274
3382
3511
3072
3574
4253
3781
3690
3454
3314
2924
2626
2050
1562
1824
3286
3283
3413
3619
3892
3272
3649
4156
3607
3520
2932
2758
2506
2136
1489
1633
3124
3123
3244
3441
3703
3212
3575
4199
3708
3605
3360
3198
2790
2463
1870
2373
3278
3238
3250
3470
3830
4048
3274
3592
4071
3512
3402
2795
2576
2278
1860
2069
3116
3080
3092
3301
3644
3855
3219
3526
4129
3627
3514
3248
3061
2627
2263
2977
3245
3235
3210
3311
3679
3990
4053
3227
3521
3988
3404
3260
2627
2359
2005
2633
3086
3078
3054
3153
3506
3801
3867
3182
3469
4053
3544
3413
3126
2902
2432
3700
3185
3199
3202
3262
3497
3825
3990
3997
3158
3435
3858
3257
3064
2402
2071
3068
3027
3043
3048
3107
3334
3649
3807
3819
3123
3397
3959
3438
3281
2959
2685
4287
1309
1263
1597
2072
2569
2430
2248
2340
2073
2028
1742
1387
1122
916
1011
1379
1269
1204
1534
2264
2993
3087
2745
2935
2816
2807
2334
1854
1717
1555
1787
2751
1346
1246
1429
1713
2410
2802
2650
2380
2091
2071
1846
1582
1286
1024
927
1524
1257
1196
1387
1819
2671
3341
3088
2851
2678
2736
2484
2159
1878
1620
1630
3178
1371
1217
1262
1398
2233
3191
3086
2389
2087
2093
1932
1782
1457
1131
840
1665
1232
1173
1238
1443
2355
3572
3432
2734
2515
2634
2611
2482
2029
1666
1470
3625
1628
1376
1228
1293
1453
2251
3164
3069
2376
2073
2068
1887
1705
1355
1010
1633
1556
1240
1187
1274
1506
2383
3557
3434
2740
2518
2632
2595
2446
1973
1585
3634
1454
1632
1386
1262
1346
1471
2232
3144
3050
2359
2046
2019
1811
1592
1218
1774
1389
1561
1251
1222
1327
1527
2373
3551
3433
2738
2514
2615
2557
2381
1886
3788
1136
1456
1642
1423
1315
1361
1460
2222
3126
3027
2328
2002
1939
1695
1438
2060
1088
1393
1570
1286
1275
1344
1519
2369
3546
3425
2728
2494
2578
2494
2282
4217
863
1136
1462
1680
1486
1330
1350
1452
2210
3101
2990
2279
1927
1823
1538
2443
825
1089
1401
1610
1345
1291
1336
1516
2365
3540
3415
2710
2464
2522
2403
4894
735
862
1142
1500
1750
1506
1319
1345
1447
2199
3070
2933
2201
1821
1665
2777
704
827
1096
1439
1675
1363
1281
1334
1513
2362
3530
3393
2678
2416
2437
5498
718
736
866
1173
1566
1773
1492
1314
1343
1440
2180
3017
2840
2088
1673
3116
687
704
831
1126
1502
1697
1351
1278
1333
1513
2357
3512
3359
2632
2346
5963
733
717
738
887
1218
1579
1754
1485
1310
1337
1430
2149
2933
2705
1932
3374
701
686
708
852
1171
1514
1681
1347
1276
1332
1511
2348
3484
3310
2564
6233
727
731
719
756
919
1227
1562
1746
1479
1303
1328
1409
2087
2794
2502
3733
695
700
689
724
883
1178
1498
1675
1343
1274
1329
1504
2328
3429
3222
6592
6525
6168
6887
7533
7270
6795
6599
6355
5725
4747
3619
2631
2210
1647
1274
1247
6287
6057
6807
7764
7772
7294
7150
7074
6472
5324
4360
3089
2796
2276
1797
2185
5904
5843
6602
6789
7227
7264
6891
6215
5860
5141
4256
3250
2567
1873
1408
1597
5597
5617
6414
6892
7556
7717
7467
7039
6553
5905
5146
3925
3309
2559
2079
2898
5250
5444
6222
6016
7065
7634
7074
5975
5893
5470
4921
3946
2933
2091
1530
2009
4896
5119
5941
6016
7220
8025
7664
6883
6522
6433
5969
4900
3849
2830
2364
3775
5848
5068
5285
6157
6087
7013
7358
6753
5681
5589
5138
4557
3569
2555
1725
2160
5584
4732
4976
5897
6121
7211
7798
7382
6619
6262
6156
5674
4602
3538
2519
4119
5349
5690
4938
5265
6302
6135
6830
7093
6476
5415
5289
4791
4159
3144
2139
2426
5109
5440
4615
4971
6062
6198
7066
7572
7139
6382
6020
5882
5366
4266
3188
4515
4845
5211
5570
4938
5441
6393
6009
6616
6840
6210
5143
4965
4400
3700
2666
2937
4627
4983
5332
4623
5156
6169
6096
6880
7346
6911
6156
5771
5588
5012
3879
5390
4428
4733
5114
5591
5146
5564
6306
5841
6411
6598
5941
4851
4597
3949
3175
3670
4231
4526
4894
5362
4826
5279
6102
5955
6705
7148
6693
5925
5511
5254
4605
6581
4237
4341
4664
5168
5846
5319
5518
6178
5688
6220
6356
5645
4516
4165
3429
4535
4048
4153
4462
4951
5611
4996
5248
5996
5822
6545
6958
6477
5685
5219
4871
8013
4143
4162
4284
4723
5440
6048
5293
5412
6040
5529
6008
6063
5288
4117
3652
5287
3959
3981
4102
4526
5217
5808
4983
5163
5886
5693
6389
6752
6242
5410
4872
9214
4018
4080
4118
4354
4997
5651
6042
5206
5302
5901
5360
5767
5716
4860
3644
5983
3838
3904
3942
4175
4793
5427
5814
4915
5076
5783
5574
6230
6542
5978
5091
10087
3846
3949
4030
4173
4584
5177
5635
5943
5087
5163
5723
5132
5429
5248
4294
6367
3675
3778
3859
4000
4401
4974
5422
5737
4824
4975
5662
5428
6027
6258
5617
10800
3920
3847
4125
4809
4484
4022
3847
3686
3344
2785
2244
1645
1413
1098
814
795
3692
3582
4163
4812
4757
4340
4237
4174
3919
3329
2650
2064
1865
1343
1136
1231
3345
3442
3887
4099
4238
4152
3774
3475
3301
2898
2538
1945
1562
1175
887
1020
3191
3257
3830
4052
4472
4393
4163
3930
3795
3509
3070
2427
2068
1538
1319
1659
2805
3021
3592
3427
3928
4206
3631
3213
3194
2957
2815
2255
1694
1234
946
1285
2703
2903
3456
3347
4124
4363
4013
3630
3605
3627
3485
2796
2250
1729
1502
2193
2944
2637
2853
3465
3367
3784
3950
3368
2957
2932
2682
2520
1967
1424
982
1303
2816
2543
2744
3348
3309
4005
4129
3764
3385
3359
3368
3217
2546
2014
1501
2433
2661
2811
2508
2768
3451
3286
3594
3728
3150
2749
2707
2435
2243
1690
1161
1378
2546
2693
2426
2672
3349
3245
3832
3926
3559
3190
3157
3148
2984
2316
1783
2628
2444
2568
2724
2476
2820
3448
3175
3441
3558
2982
2577
2508
2208
1970
1412
1601
2338
2461
2611
2402
2733
3360
3151
3694
3778
3410
3042
2997
2962
2766
2088
3057
2218
2369
2499
2711
2543
2837
3361
3055
3306
3405
2825
2411
2303
1958
1671
1943
2122
2269
2396
2604
2474
2757
3288
3046
3576
3649
3282
2912
2850
2773
2532
3637
2068
2162
2320
2509
2806
2597
2787
3272
2953
3186
3254
2665
2229
2069
1682
2367
1981
2072
2225
2409
2701
2529
2716
3212
2961
3476
3538
3163
2786
2691
2564
4414
1974
2017
2117
2332
2607
2865
2555
2709
3177
2850
3056
3086
2477
2012
1795
2649
1891
1934
2032
2241
2510
2764
2497
2651
3136
2877
3379
3419
3036
2640
2504
4976
1892
1938
1987
2142
2448
2688
2845
2499
2639
3091
2749
2918
2898
2261
1768
2940
1809
1857
1907
2059
2356
2593
2752
2452
2595
3072
2808
3287
3305
2902
2479
5347
1796
1851
1905
2004
2238
2516
2664
2785
2431
2560
2984
2618
2734
2644
1981
3084
1720
1773
1827
1925
2156
2427
2575
2702
2395
2536
2999
2724
3175
3155
2721
5550
4353
4087
4166
4884
4679
4225
3750
3182
2818
2379
1938
1251
881
557
339
361
4219
3895
4142
4866
5040
4583
4169
3714
3310
2818
2205
1453
1011
719
495
652
3954
4032
4193
4447
4493
4521
4162
3541
3116
2558
2115
1574
1157
764
457
477
3826
3899
4138
4414
4854
4972
4735
4099
3570
3074
2617
1936
1423
976
658
875
3539
3918
4158
3990
4249
4764
4553
3880
3399
2709
2272
1949
1496
1032
607
622
3418
3844
4072
3945
4604
5315
5297
4456
3793
3304
3060
2541
1973
1308
863
1156
4383
3410
3803
4109
4036
4219
4593
4350
3695
3230
2548
2108
1771
1310
861
772
4176
3294
3737
4034
4005
4592
5149
5098
4279
3637
3154
2905
2384
1812
1163
1370
4011
4264
3317
3793
4208
4072
4111
4426
4177
3531
3065
2384
1932
1569
1107
1052
3823
4064
3206
3734
4141
4054
4493
4991
4931
4125
3494
3010
2745
2208
1633
1755
3697
3906
4177
3312
3921
4270
3991
3981
4269
4013
3365
2886
2198
1727
1343
1419
3525
3725
3983
3209
3869
4213
3987
4373
4845
4774
3977
3349
2857
2563
2009
2405
3491
3611
3831
4193
3453
4007
4215
3884
3858
4125
3845
3182
2680
1980
1490
1830
3332
3447
3659
4005
3349
3957
4169
3893
4259
4707
4625
3828
3197
2683
2354
3157
3434
3422
3554
3868
4376
3571
3972
4129
3782
3742
3977
3660
2972
2437
1727
2211
3280
3268
3396
3697
4182
3468
3930
4094
3804
4152
4586
4475
3671
3025
2487
3960
3452
3373
3374
3599
4071
4521
3556
3896
4035
3680
3617
3803
3435
2719
2147
2635
3294
3221
3224
3441
3893
4323
3458
3865
4015
3717
4050
4450
4311
3491
2824
4612
3399
3395
3334
3424
3799
4223
4512
3493
3816
3942
3571
3475
3595
3168
2417
3246
3243
3244
3185
3276
3636
4040
4322
3406
3796
3940
3634
3945
4308
4127
3283
5350
3293
3341
3353
3376
3599
3933
4207
4442
3412
3721
3825
3424
3277
3312
2812
3807
3142
3190
3205
3231
3447
3767
4031
4264
3337
3722
3853
3538
3814
4120
3877
6189
1266
1020
1101
1570
2491
2875
2659
2240
1879
1503
1322
985
822
628
451
600
1275
1054
1069
1592
2379
2519
2150
1963
1947
1748
1559
1205
1087
841
797
1213
1216
1062
1114
1494
2780
3316
3006
2560
2204
1793
1551
1178
927
691
490
672
1264
1046
1107
1518
2544
2895
2468
2115
1986
1849
1722
1427
1248
947
828
1393
1155
1091
1112
1403
3060
3772
3352
2885
2552
2110
1794
1389
1031
749
528
742
1236
1021
1128
1429
2681
3282
2795
2245
2000
1928
1876
1667
1412
1050
847
1576
1906
1172
1121
1185
1558
3217
3836
3381
2886
2531
2066
1721
1296
926
634
784
1831
1257
1054
1208
1599
2854
3379
2857
2283
2025
1940
1867
1638
1362
986
1703
1699
1916
1191
1171
1267
1621
3215
3824
3355
2848
2469
1978
1606
1166
789
895
1630
1843
1278
1106
1301
1672
2880
3408
2871
2289
2022
1920
1829
1578
1279
1916
1385
1703
1931
1231
1231
1293
1614
3194
3788
3303
2776
2367
1853
1455
1003
1093
1327
1636
1859
1324
1170
1334
1675
2884
3402
2867
2279
1998
1880
1765
1489
2335
1154
1385
1712
1977
1289
1247
1282
1600
3160
3732
3222
2667
2227
1687
1261
1384
1107
1329
1645
1908
1389
1189
1329
1671
2876
3389
2848
2252
1961
1819
1673
2815
1057
1153
1389
1754
2052
1302
1232
1271
1585
3115
3650
3105
2517
2039
1474
1763
1012
1105
1333
1687
1984
1406
1179
1323
1665
2863
3363
2813
2210
1902
1734
3319
1082
1055
1156
1419
1816
2063
1282
1219
1260
1564
3052
3523
2943
2320
1799
2168
1034
1009
1108
1363
1750
1996
1387
1172
1317
1657
2842
3328
2767
2152
1822
3722
1121
1082
1059
1183
1475
1828
2038
1271
1211
1248
1538
2964
3358
2730
2067
2690
1070
1032
1012
1135
1416
1761
1975
1380
1168
1314
1649
2819
3281
2705
2073
4102
1100
1119
1085
1081
1223
1479
1804
2021
1259
1196
1225
1491
2826
3113
2430
3199
1048
1067
1034
1035
1175
1422
1742
1965
1375
1164
1307
1636
2780
3205
2602
4557
4788
4457
4914
5552
5369
4868
4524
4249
3652
3110
2349
1718
1483
1083
739
674
4779
4273
4830
5619
5795
5191
4847
4755
4278
3632
2887
1998
1789
1378
976
1134
4222
4283
4652
4905
5369
5345
4920
4414
3979
3447
2757
2113
1699
1205
882
950
4206
4059
4590
4896
5633
5691
5368
4915
4457
3989
3405
2507
2129
1583
1222
1601
3649
4040
4321
4251
5273
5760
5252
4500
4256
3749
3177
2545
1911
1317
1032
1312
3634
3784
4279
4185
5372
6124
5835
4984
4556
4297
3943
3088
2482
1779
1499
2215
5263
3485
3891
4231
4265
5193
5517
4980
4248
4006
3498
2921
2288
1661
1086
1438
5015
3476
3643
4203
4213
5312
5893
5576
4744
4328
4068
3710
2867
2263
1569
2485
4679
5102
3359
3849
4298
4263
5024
5288
4749
4026
3774
3249
2656
2016
1393
1577
4461
4863
3357
3608
4282
4223
5162
5681
5354
4537
4129
3856
3483
2639
2028
2746
4122
4538
4983
3331
3949
4326
4145
4845
5081
4544
3819
3543
2986
2368
1716
1927
3931
4328
4751
3338
3707
4318
4121
5001
5497
5164
4356
3943
3651
3244
2391
3340
3779
4009
4434
4988
3445
4006
4245
4012
4682
4892
4338
3599
3281
2684
2039
2399
3605
3827
4233
4758
3454
3767
4247
4002
4853
5321
4984
4178
3754
3424
2973
4063
3753
3695
3937
4468
5179
3554
3960
4147
3896
4537
4710
4123
3356
2980
2338
2958
3580
3528
3760
4269
4953
3563
3730
4161
3898
4726
5173
4814
4002
3550
3167
5046
3793
3676
3636
3977
4684
5334
3530
3873
4045
3780
4381
4494
3863
3063
2620
3540
3619
3512
3474
3802
4480
5098
3546
3659
4073
3801
4601
5013
4630
3801
3308
5873
3775
3729
3630
3686
4195
4851
5315
3462
3791
3948
3663
4204
4243
3557
2722
4157
3599
3560
3466
3524
4013
4642
5089
3488
3589
3995
3713
4483
4850
4430
3572
6585
3680
3704
3676
3671
3868
4333
4824
5225
3375
3693
3828
3509
3966
3905
3154
4589
3510
3535
3511
3510
3703
4149
4623
5012
3413
3511
3905
3609
4334
4636
4159
7252
9345
9143
9711
10525
10802
9960
9890
9065
8082
6234
4691
3341
2921
2271
1722
1738
9373
8614
9462
11032
11215
10720
10327
10074
8833
7250
5485
4179
3709
3033
2480
2932
8762
8800
9525
9839
10850
10977
10506
9299
8450
6969
5701
4255
3357
2443
1930
2212
8479
8431
9340
10048
11141
11705
11176
10381
9220
8247
6708
5298
4368
3431
2804
3876
8096
8339
9200
9056
10732
11915
10988
9393
8699
7670
6823
5332
3796
2587
2130
2775
7554
8124
9079
9012
10897
12585
11909
10533
9475
9239
8076
6614
5063
3824
3121
5045
8599
7956
8241
9274
9459
11010
11787
10723
9120
8411
7355
6453
4924
3392
2203
3103
8210
7429
8037
9177
9448
11227
12529
11709
10317
9257
9008
7819
6334
4770
3513
5700
8030
8459
7859
8332
9699
9779
10928
11540
10433
8824
8085
6972
5989
4431
2915
3391
7670
8087
7345
8149
9628
9799
11198
12333
11477
10086
9029
8737
7509
5994
4412
6502
7504
7898
8360
7952
8766
10026
9730
10717
11255
10123
8497
7692
6496
5423
3843
4162
7172
7550
7998
7442
8589
9970
9786
11033
12108
11229
9843
8764
8413
7138
5578
7879
6955
7395
7819
8472
8422
9116
10021
9575
10493
10972
9792
8116
7211
5923
4749
5378
6648
7076
7483
8116
7895
8939
9991
9668
10855
11890
10997
9589
8475
8048
6701
9862
6615
6852
7324
7947
8939
8786
9115
9883
9383
10245
10644
9385
7633
6614
5222
6854
6323
6559
7012
7612
8565
8244
8951
9879
9511
10662
11662
10731
9296
8135
7598
12198
6380
6516
6784
7447
8408
9302
8780
8978
9700
9166
9955
10228
8859
7030
5878
8170
6099
6239
6499
7137
8062
8920
8259
8846
9737
9346
10467
11400
10430
8951
7718
14560
6101
6289
6455
6904
7891
8754
9309
8654
8816
9506
8922
9600
9705
8211
6295
9572
5834
6021
6184
6621
7569
8400
8943
8163
8717
9591
9185
10259
11121
10084
8538
16351
5804
6005
6218
6552
7281
8192
8747
9174
8482
8614
9251
8588
9095
8988
7337
10710
5549
5748
5959
6284
6994
7869
8407
8838
8030
8570
9425
8989
9990
10743
9605
18198
1850
1670
1824
2376
3301
3296
2909
2643
2445
2106
1847
1335
1129
1007
870
1209
1849
1587
1886
2587
3573
3562
3146
3146
3096
2918
2523
1945
1772
1591
1617
2699
1857
1707
1867
2281
3440
3839
3386
3018
2748
2455
2145
1692
1388
1101
909
1436
1797
1613
1858
2412
3724
4135
3704
3274
3187
3038
2849
2363
2063
1744
1623
3104
1828
1707
1875
2147
3512
4388
3867
3379
3029
2806
2444
2105
1669
1180
933
1672
1714
1605
1793
2204
3806
4707
4279
3342
3220
3100
3156
2813
2355
1874
1598
3499
2572
1852
1750
1983
2366
3699
4449
3894
3388
3020
2769
2370
1990
1523
1024
1635
2455
1739
1649
1908
2449
4035
4813
4341
3386
3246
3106
3127
2749
2254
1739
3487
2370
2585
1877
1822
2108
2449
3701
4441
3878
3359
2969
2680
2243
1823
1330
1713
2263
2469
1767
1722
2039
2546
4060
4830
4356
3387
3235
3069
3051
2631
2100
3645
1971
2375
2605
1939
1921
2156
2440
3687
4415
3838
3299
2877
2540
2063
1604
2029
1883
2271
2491
1830
1824
2091
2547
4060
4826
4340
3364
3188
2993
2927
2464
4114
1579
1970
2388
2670
2034
1948
2141
2427
3661
4368
3767
3198
2737
2347
1828
2452
1510
1884
2286
2557
1920
1852
2080
2541
4048
4800
4305
3316
3117
2883
2758
4771
1396
1578
1978
2452
2780
2063
1932
2128
2411
3625
4288
3662
3051
2542
2093
2908
1335
1510
1893
2349
2663
1949
1838
2075
2533
4026
4765
4247
3248
3013
2731
5495
1374
1393
1581
2025
2541
2799
2034
1916
2115
2390
3570
4174
3500
2844
2284
3409
1313
1333
1512
1937
2434
2680
1924
1826
2065
2518
3995
4703
4165
3148
2868
5977
1398
1372
1397
1619
2103
2557
2767
2020
1904
2099
2357
3487
4012
3285
2577
3912
1334
1312
1337
1550
2012
2449
2650
1914
1820
2057
2504
3956
4629
4056
3015
6459
1378
1396
1376
1429
1674
2110
2526
2745
2004
1887
2070
2302
3349
3762
2970
4435
1313
1331
1314
1366
1602
2019
2419
2634
1904
1811
2044
2478
3890
4503
3877
6887
3078
3289
3849
4890
7303
6406
5435
5226
4843
4167
3293
2392
2091
1813
1639
1833
3121
3178
4128
4772
5336
4755
4523
5060
5064
4796
3775
3003
2921
2765
2529
3516
2812
2958
3492
4132
5636
5603
4901
4529
4326
4125
3602
2877
2382
1840
1619
2238
2792
2851
3583
4048
5289
5361
5009
4910
4894
4944
4406
3706
3264
2791
2588
4387
2519
2611
3110
3428
4271
4812
4338
3851
3794
4006
3870
3397
2664
1832
1571
2679
2452
2510
3053
3373
5144
5934
5447
4677
4643
5003
5047
4491
3580
2764
2604
5370
3246
2409
2507
3043
3438
4201
4607
4112
3635
3567
3740
3564
3060
2321
1513
2559
3105
2352
2416
3002
3398
5094
5727
5216
4462
4427
4765
4779
4215
3302
2480
5361
2909
3152
2335
2489
3097
3440
4071
4423
3937
3465
3376
3501
3266
2712
1960
2529
2788
3022
2284
2406
3068
3417
4969
5547
5042
4303
4261
4570
4551
3946
3020
5397
2450
2826
3079
2323
2556
3121
3350
3931
4268
3771
3291
3173
3228
2921
2318
2906
2349
2711
2954
2279
2478
3102
3338
4829
5379
4880
4149
4097
4367
4288
3637
5973
2025
2393
2770
3091
2414
2609
3075
3256
3813
4121
3614
3117
2950
2916
2529
3449
1942
2296
2663
2972
2374
2534
3066
3257
4714
5245
4742
4012
3938
4148
3996
6948
1804
1983
2354
2796
3221
2492
2583
3008
3170
3701
3976
3442
2914
2684
2550
3980
1730
1905
2262
2691
3104
2452
2515
3011
3184
4613
5121
4608
3872
3764
3896
7972
1728
1769
1953
2380
2937
3321
2477
2529
2939
3082
3580
3805
3233
2665
2369
4345
1657
1699
1878
2294
2831
3202
2446
2473
2955
3113
4515
4995
4465
3714
3558
8619
1708
1699
1746
1980
2512
3040
3309
2431
2473
2869
2990
3439
3596
2981
2374
4491
1639
1633
1679
1910
2424
2935
3199
2407
2429
2905
3051
4419
4862
4308
3533
8833
1662
1676
1673
1767
2082
2594
3024
3252
2372
2408
2784
2869
3247
3317
2651
4557
1596
1611
1612
1703
2009
2506
2924
3153
2361
2382
2846
2976
4297
4687
4092
8927
1329
1406
1748
2330
2749
2262
1987
2108
2050
2008
1820
1661
1383
1073
931
1067
1224
1332
1724
2306
2976
2447
2279
2447
2480
2538
2466
2029
1678
1401
1344
2090
1491
1557
1841
2128
2551
2566
2385
2400
2267
2300
2067
1859
1545
1234
1020
1364
1440
1501
1723
2069
2679
2689
2749
2777
2685
2725
2647
2304
1991
1642
1443
2659
1640
1688
1897
1904
2315
2846
2800
2672
2451
2577
2302
2038
1688
1389
1095
1703
1657
1658
1687
1817
2360
2892
3241
3083
2844
2862
2778
2560
2311
1884
1515
3308
1933
1666
1738
2019
2106
2468
2915
2845
2697
2461
2561
2253
1949
1563
1228
1817
1844
1686
1711
1806
2023
2530
2988
3316
3136
2882
2881
2768
2519
2233
1768
3354
1731
1946
1693
1817
2157
2193
2483
2918
2843
2684
2432
2494
2149
1803
1384
2010
1652
1858
1716
1792
1943
2113
2558
3011
3333
3145
2879
2854
2711
2424
2094
3627
1519
1734
1961
1749
1917
2207
2187
2479
2905
2818
2644
2368
2381
1994
1606
2291
1450
1657
1876
1777
1897
1992
2116
2562
3009
3321
3127
2845
2793
2614
2285
4139
1369
1519
1745
2014
1842
1950
2196
2179
2467
2882
2777
2577
2267
2218
1787
2665
1309
1452
1668
1929
1870
1930
1987
2112
2557
2998
3299
3089
2789
2701
2476
4695
1305
1369
1528
1795
2105
1874
1938
2187
2170
2451
2846
2712
2474
2123
2000
3064
1249
1309
1461
1717
2016
1903
1919
1982
2109
2549
2980
3263
3034
2708
2574
5266
1274
1305
1374
1566
1868
2128
1853
1927
2178
2155
2421
2784
2609
2326
1928
3493
1218
1247
1315
1498
1786
2035
1882
1909
1975
2100
2534
2950
3210
2953
2593
5764
1221
1272
1307
1407
1625
1880
2103
1838
1914
2163
2131
2374
2686
2465
2126
3749
1167
1218
1252
1348
1555
1799
2014
1872
1902
1970
2092
2514
2912
3138
2844
6150
1134
1217
1274
1335
1455
1634
1857
2086
1825
1900
2139
2088
2289
2534
2247
4045
1083
1164
1220
1279
1393
1563
1779
2003
1864
1897
1961
2075
2479
2843
3017
6603
4976
5044
5609
6133
6105
5652
5437
5710
4894
4095
3325
2548
2366
1862
1511
1404
4852
4845
5517
6212
6416
5959
6012
6213
5485
4692
3973
3173
2963
2418
1947
2121
4557
4679
5189
5470
6058
6064
5615
5425
4879
4539
3788
2983
2520
1959
1630
1863
4444
4490
5058
5486
6191
6268
6165
5924
5505
5204
4487
3732
3284
2623
2255
2883
4118
4279
4732
4810
5929
6412
5716
5080
4792
4960
4255
3443
2645
2031
1733
2440
4011
4103
4570
4778
5890
6500
6230
5570
5450
5689
4995
4325
3589
2806
2574
3868
4183
4008
4186
4718
4931
5963
6251
5505
4877
4579
4707
3978
3145
2331
1702
2577
3998
3910
4019
4572
4924
5959
6386
6057
5403
5280
5504
4797
4113
3353
2550
4471
3921
4076
3921
4187
4853
5000
5836
6052
5301
4671
4353
4420
3651
2792
1972
2674
3749
3902
3833
4033
4725
5016
5869
6221
5888
5238
5108
5302
4574
3858
3070
4882
3602
3832
4003
3938
4355
4959
4925
5678
5863
5104
4464
4107
4087
3272
2391
2996
3448
3671
3837
3859
4206
4841
4963
5743
6075
5728
5081
4932
5080
4320
3563
5670
3307
3536
3778
4036
4137
4488
4924
4816
5532
5686
4907
4237
3822
3697
2835
3545
3166
3388
3622
3874
4061
4345
4821
4876
5627
5932
5586
4927
4751
4836
4031
6678
3116
3252
3494
3829
4241
4293
4470
4838
4703
5386
5491
4681
3964
3483
3236
4256
2983
3116
3349
3674
4075
4215
4337
4754
4784
5514
5803
5438
4762
4543
4547
7795
2996
3064
3212
3542
4034
4396
4274
4389
4735
4580
5215
5255
4397
3630
3069
5013
2866
2937
3081
3400
3877
4230
4208
4272
4673
4690
5402
5662
5271
4570
4291
9000
2861
2944
3026
3258
3734
4176
4381
4195
4293
4622
4440
5007
4962
4046
3223
5407
2739
2823
2902
3131
3591
4019
4224
4146
4197
4590
4596
5281
5506
5078
4338
9656
2694
2807
2904
3061
3419
3857
4154
4301
4095
4181
4480
4251
4720
4566
3586
5735
2578
2690
2786
2940
3291
3715
4006
4158
4067
4114
4496
4484
5126
5296
4812
10101
7047
6775
7245
7740
7320
6839
6509
5915
5196
4227
3407
2315
1892
1385
837
836
6902
6445
7123
7905
7576
7058
6876
6610
5620
4548
3639
2692
2190
1699
1206
1265
6090
6269
7005
7038
7226
7067
6511
5915
5329
4554
3842
2840
2217
1580
1086
1130
5860
5950
6878
7006
7384
7377
6918
6516
5844
5093
4296
3267
2636
1995
1494
1758
5144
5667
6614
6250
6967
7133
6363
5778
5340
4790
4231
3400
2537
1759
1375
1492
4858
5365
6486
6061
7028
7530
6798
6272
5933
5568
4950
3870
3100
2286
1804
2389
5809
4860
5375
6388
6150
6727
6717
5936
5369
4941
4386
3817
2997
2157
1414
1727
5540
4591
5089
6284
5986
6819
7136
6393
5884
5553
5190
4579
3531
2777
1979
2759
5311
5581
4655
5265
6421
6066
6442
6371
5597
5037
4594
4018
3423
2597
1776
1924
5064
5327
4400
4993
6341
5929
6566
6822
6078
5578
5246
4869
4252
3213
2456
3175
4898
5156
5449
4635
5411
6473
5913
6214
6122
5347
4769
4295
3675
3030
2189
2369
4675
4924
5204
4389
5149
6410
5805
6368
6599
5858
5357
5009
4603
3949
2900
3917
4474
4766
5038
5444
4793
5486
6346
5718
5995
5879
5085
4478
3955
3277
2583
2965
4270
4552
4813
5209
4546
5230
6305
5637
6176
6389
5643
5132
4760
4303
3600
4796
4263
4368
4676
5065
5651
4913
5403
6186
5540
5791
5632
4805
4151
3563
2826
3647
4070
4174
4469
4845
5413
4669
5164
6166
5483
6003
6195
5433
4900
4481
3958
5975
4158
4169
4290
4714
5291
5800
4856
5271
6023
5361
5568
5355
4478
3765
3104
4269
3969
3985
4102
4511
5070
5562
4625
5053
6027
5337
5832
5989
5209
4635
4152
7057
4017
4080
4107
4340
4949
5455
5759
4750
5140
5863
5176
5323
5029
4096
3317
4913
3832
3897
3929
4155
4744
5235
5536
4538
4946
5904
5200
5664
5777
4960
4331
7978
3858
3933
4012
4145
4537
5088
5410
5641
4621
4989
5665
4936
4993
4597
3599
5440
3680
3756
3836
3969
4351
4885
5198
5436
4432
4825
5760
5039
5455
5495
4625
8699
4402
4183
4384
4676
4533
4324
4044
3607
3081
2360
1906
1517
1250
1023
699
740
4490
4019
4495
4852
4771
4432
4302
3930
3412
2788
2261
1859
1683
1317
975
1126
3667
3731
4150
4220
4359
4216
3787
3520
3191
2653
2220
1729
1375
1071
787
963
3627
3570
4213
4260
4595
4330
4138
3790
3560
3112
2630
2100
1780
1457
1131
1483
2977
3243
3831
3713
4088
4008
3458
3350
3224
2906
2520
1923
1477
1092
864
1224
2856
3091
3850
3646
4314
4126
3881
3563
3621
3388
2984
2313
1837
1572
1280
1904
3885
2728
3007
3637
3580
3860
3689
3131
3012
2883
2566
2188
1623
1203
839
1165
3714
2619
2865
3675
3536
4110
3828
3564
3240
3294
3063
2675
2039
1585
1316
1987
3499
3678
2555
2895
3589
3455
3625
3430
2876
2755
2611
2283
1904
1359
953
1164
3344
3518
2459
2764
3647
3431
3893
3585
3320
3001
3048
2808
2426
1808
1360
2130
3113
3332
3522
2467
2886
3509
3273
3419
3212
2670
2535
2367
2025
1634
1103
1288
2975
3187
3372
2379
2766
3585
3265
3695
3383
3122
2805
2835
2586
2194
1584
2320
2793
2975
3191
3450
2474
2841
3360
3097
3227
3016
2473
2318
2123
1755
1348
1490
2667
2846
3055
3310
2393
2729
3446
3104
3518
3203
2942
2622
2634
2360
1950
2648
2671
2688
2875
3156
3510
2476
2744
3224
2950
3065
2839
2290
2107
1871
1474
1813
2552
2571
2752
3025
3370
2399
2643
3325
2970
3376
3051
2787
2461
2437
2127
3188
2651
2581
2607
2858
3228
3518
2397
2634
3097
2815
2907
2658
2100
1876
1595
2119
2532
2468
2496
2739
3102
3393
2332
2547
3214
2853
3244
2913
2641
2293
2223
3700
2576
2578
2519
2609
2956
3274
3456
2314
2541
2987
2688
2747
2467
1889
1622
2423
2458
2464
2413
2503
2840
3153
3339
2259
2470
3122
2753
3126
2783
2487
2115
4149
2499
2501
2514
2516
2687
2989
3202
3353
2223
2443
2856
2534
2547
2222
1630
2608
2385
2389
2404
2412
2583
2878
3092
3252
2182
2388
3019
2643
2986
2615
2289
4334
7072
6329
6090
6079
5979
6205
5599
4624
3764
2987
2366
1697
1231
752
437
427
6661
6058
6001
6378
6458
6095
5742
4864
3862
3193
2569
1843
1282
875
570
642
6334
6439
6649
6370
6277
6284
5863
5190
4462
3573
2822
2092
1511
1000
617
586
6063
6151
6525
6392
6538
6530
6160
5435
4600
3844
3061
2309
1720
1177
767
894
5596
6463
7161
6582
6497
6274
6055
5745
5216
4214
3321
2542
1831
1311
859
795
5443
6163
6995
6316
6533
6902
6514
5990
5404
4562
3596
2855
2273
1565
1022
1226
5688
5579
6481
7283
6780
6492
6147
5949
5638
5093
4074
3158
2356
1636
1111
1061
5417
5425
6180
7138
6531
6556
6803
6445
5925
5329
4479
3495
2736
2131
1419
1558
5629
5668
5587
6604
7490
6789
6375
6052
5845
5512
4937
3889
2943
2122
1402
1408
5362
5400
5436
6310
7360
6559
6469
6736
6377
5845
5238
4362
3362
2577
1947
2091
5501
5612
5676
5702
6829
7519
6679
6295
5964
5734
5361
4736
3646
2674
1837
1856
5241
5348
5410
5555
6541
7402
6480
6417
6676
6301
5754
5116
4211
3187
2374
2888
5295
5485
5620
5784
5917
6858
7416
6608
6221
5868
5594
5161
4464
3334
2336
2474
5045
5228
5359
5520
5771
6574
7314
6431
6368
6607
6213
5634
4961
4016
2960
3786
5115
5282
5498
5746
5989
5959
6764
7352
6544
6137
5747
5406
4890
4112
2939
3253
4871
5034
5240
5481
5716
5813
6494
7266
6388
6312
6527
6098
5479
4752
3753
4883
4926
5100
5291
5621
5956
6027
5870
6702
7284
6464
6019
5570
5141
4527
3656
4208
4689
4860
5045
5361
5683
5754
5735
6448
7226
6338
6244
6418
5945
5267
4471
6263
4697
4916
5109
5412
5826
5984
5946
5815
6646
7211
6359
5857
5324
4788
4059
5394
4472
4682
4873
5165
5562
5715
5686
5695
6412
7187
6285
6159
6285
5746
4990
7807
4483
4677
4914
5213
5583
5837
5897
5889
5755
6564
7090
6177
5591
4952
4283
6397
4267
4457
4686
4975
5333
5578
5639
5644
5656
6367
7111
6195
6023
6064
5431
9237
13209
12700
13508
14289
13542
12457
11492
10539
9347
7634
5969
3985
3282
2234
1457
1318
12879
12381
13335
14910
14096
12787
12391
11736
10226
8360
6605
4687
3987
2767
1937
2008
11420
11756
12925
12989
13526
12828
11747
10575
9495
8173
6803
4984
3853
2574
1796
1778
11058
11331
12704
13313
13719
13420
12477
11592
10594
9320
7776
5853
4816
3385
2477
2801
9726
10717
12179
11627
13302
13010
11824
10449
9494
8616
7637
6140
4453
2920
2180
2364
9347
10210
11918
11706
13148
13869
12370
11274
10808
10233
9016
7197
5728
4075
3119
3847
10702
9266
10260
11867
11572
12998
12362
11129
9792
8851
7952
6944
5452
3812
2363
2752
10217
8913
9776
11648
11713
12913
13284
11743
10673
10215
9637
8425
6642
5189
3572
4680
9925
10295
8902
10077
11956
11454
12486
11745
10518
9201
8246
7299
6236
4730
3139
3142
9477
9839
8573
9624
11784
11647
12479
12730
11196
10149
9687
9078
7855
6075
4616
5599
9216
9617
10026
8841
10319
12009
11126
12017
11252
10028
8689
7688
6662
5506
3976
4025
8805
9196
9591
8535
9890
11880
11374
12073
12298
10779
9737
9247
8588
7301
5493
7164
8529
8966
9397
10017
9143
10457
11767
10756
11596
10801
9535
8153
7074
5935
4686
5211
8150
8573
8991
9597
8845
10048
11689
11054
11717
11915
10396
9338
8800
8045
6679
8972
8092
8327
8794
9448
10396
9372
10299
11473
10416
11200
10339
9009
7554
6364
5109
6504
7733
7966
8417
9053
9979
9080
9924
11434
10763
11395
11556
10020
8933
8306
7429
11200
7863
7914
8180
8865
9867
10670
9261
10046
11161
10076
10770
9819
8394
6844
5536
7649
7511
7571
7834
8497
9472
10259
8998
9716
11182
10484
11081
11189
9621
8470
7727
13315
7621
7711
7795
8274
9307
10172
10596
9054
9796
10862
9723
10291
9212
7668
6018
8762
7280
7377
7463
7934
8935
9782
10215
8832
9514
10944
10230
10773
10810
9182
7939
15066
7308
7462
7584
7866
8648
9567
10084
10375
8809
9505
10489
9266
9651
8410
6729
9751
6979
7135
7261
7541
8306
9202
9716
10029
8629
9291
10676
9926
10388
10306
8589
16343
2866
2928
3564
4334
4798
4556
4390
4545
4271
3845
3132
2310
2082
1835
1667
1991
2811
2918
3491
4574
5258
5470
5151
5345
5374
4875
4151
3264
2894
2727
2726
4032
2874
2812
3235
3762
4818
5307
5145
4674
4397
4095
3688
2936
2443
2003
1688
2425
2823
2822
3175
3874
5081
6104
5877
5451
5273
5134
4803
4018
3441
2982
2717
4910
2827
2651
2881
3206
4748
6068
5918
4720
4442
4279
4260
3661
2812
2146
1676
2901
2783
2677
2833
3221
4818
6685
6579
5453
5076
5306
5456
4851
4017
3198
2654
5868
3504
2840
2682
2969
3369
4827
6032
5894
4702
4413
4224
4155
3495
2608
1907
2987
3346
2802
2713
2931
3398
4921
6681
6595
5472
5090
5307
5422
4776
3901
3038
6096
3100
3512
2863
2757
3096
3420
4791
5994
5857
4662
4353
4118
3972
3251
2327
3264
2964
3358
2828
2799
3063
3456
4904
6683
6597
5466
5078
5266
5337
4641
3718
6652
2541
3101
3529
2934
2871
3128
3386
4765
5958
5805
4596
4248
3944
3706
2918
3823
2430
2968
3377
2903
2916
3097
3432
4893
6668
6576
5446
5037
5185
5201
4442
7727
2090
2541
3114
3606
3060
2898
3099
3366
4737
5910
5727
4490
4079
3695
3348
4682
1999
2432
2982
3456
3027
2942
3074
3422
4883
6646
6549
5402
4970
5068
5002
9169
1885
2087
2550
3189
3745
3092
2867
3084
3351
4706
5842
5605
4325
3839
3358
5605
1805
2000
2443
3057
3588
3058
2916
3066
3415
4870
6623
6502
5338
4867
4892
10699
1848
1884
2094
2610
3311
3775
3053
2850
3069
3329
4654
5728
5412
4085
3513
6232
1767
1805
2007
2503
3173
3617
3023
2903
3059
3408
4854
6580
6432
5237
4716
11697
1835
1845
1889
2145
2712
3336
3735
3033
2838
3055
3300
4577
5554
5138
3764
6831
1756
1769
1813
2059
2600
3197
3582
3010
2896
3055
3402
4832
6525
6330
5095
12285
1760
1830
1849
1932
2220
2725
3298
3713
3017
2820
3027
3243
4433
5270
4727
7376
1685
1753
1773
1853
2130
2615
3164
3564
2999
2890
3047
3384
4787
6413
6149
12987
747
595
634
706
1078
1058
938
850
720
629
437
354
267
228
151
187
708
577
646
860
1175
1151
932
821
817
661
598
420
333
312
270
314
669
654
713
753
1163
1213
1073
1036
852
693
507
382
268
218
146
172
646
641
708
862
1240
1251
1112
996
859
667
614
441
364
308
250
340
595
718
797
799
1250
1384
1225
1257
1001
761
585
411
268
212
141
157
588
710
773
861
1303
1351
1322
1203
900
667
625
459
397
306
228
366
1226
585
712
807
841
1285
1376
1196
1219
963
724
547
375
236
176
184
1167
580
704
784
910
1346
1352
1302
1178
877
647
600
433
366
272
391
1064
1213
580
725
849
876
1277
1345
1163
1178
922
682
503
331
197
226
1013
1157
573
719
829
952
1345
1329
1277
1150
851
621
568
402
329
447
909
1050
1205
588
765
881
875
1255
1311
1125
1131
870
629
449
282
271
865
1001
1149
582
760
863
953
1329
1309
1246
1118
820
590
530
363
535
808
897
1040
1222
625
797
881
860
1226
1273
1081
1071
808
565
384
361
769
855
992
1166
620
793
865
939
1305
1274
1212
1079
784
552
485
625
810
795
888
1059
1286
658
794
867
840
1194
1231
1027
998
728
487
494
771
757
845
1011
1223
652
791
855
922
1276
1244
1172
1033
737
507
781
843
799
788
904
1121
1323
662
781
850
818
1155
1175
961
908
636
654
802
760
750
862
1070
1263
656
782
840
900
1246
1205
1125
977
680
904
850
833
792
803
960
1169
1331
653
767
830
793
1108
1106
881
801
868
808
793
754
766
915
1116
1268
649
769
825
882
1213
1163
1071
910
1129
839
839
825
806
850
999
1170
1313
640
751
807
760
1045
1014
775
1115
798
799
786
768
811
954
1120
1257
638
756
808
858
1172
1107
996
1450
1050
1184
1426
1726
1809
1619
1349
1370
1339
1182
1075
878
794
608
444
431
1085
1133
1418
1843
1992
1670
1549
1653
1585
1490
1299
1093
907
709
562
867
985
1122
1268
1426
1630
1605
1411
1384
1301
1249
1136
949
822
659
494
581
957
1047
1246
1462
1687
1747
1628
1605
1525
1510
1364
1207
1018
840
653
1093
906
1042
1103
1156
1442
1560
1446
1375
1237
1291
1174
1004
834
698
539
767
827
949
1074
1137
1400
1788
1677
1529
1438
1504
1405
1307
1120
977
740
1348
1095
863
1000
1074
1153
1410
1485
1363
1293
1156
1200
1074
898
721
572
786
1047
788
911
1051
1140
1377
1719
1596
1453
1363
1425
1321
1216
1025
870
1393
965
1059
831
988
1089
1148
1362
1424
1297
1226
1084
1111
973
786
600
841
925
1017
760
903
1070
1142
1337
1658
1536
1392
1302
1354
1243
1128
926
1556
843
936
1033
827
1015
1095
1116
1313
1367
1239
1162
1014
1020
864
666
918
806
898
993
759
931
1080
1116
1295
1608
1483
1342
1249
1290
1166
1033
1746
740
819
914
1033
854
1028
1073
1079
1268
1312
1180
1094
937
914
741
1030
709
785
879
996
785
945
1062
1087
1257
1562
1433
1290
1193
1218
1076
1986
694
723
803
920
1074
876
1014
1047
1048
1227
1260
1119
1018
845
793
1165
667
693
772
885
1035
808
934
1041
1059
1225
1519
1387
1241
1133
1136
2195
672
681
710
811
961
1101
867
990
1019
1015
1184
1202
1046
928
740
1287
642
652
682
780
926
1064
801
916
1017
1033
1193
1477
1339
1184
1063
2398
650
657
669
717
849
989
1093
846
965
991
979
1131
1130
958
819
1349
624
631
643
689
819
955
1056
784
897
996
1008
1161
1432
1283
1120
2492
621
637
646
674
749
873
980
1070
823
937
957
935
1064
1035
844
1435
595
612
621
649
722
843
947
1037
765
876
973
980
1123
1374
1210
2588
2115
2061
2570
2987
3163
2906
2942
3105
2935
2587
2034
1581
1507
1366
1261
1419
1994
2077
2497
3106
3340
3292
3090
3496
3417
3043
2574
2148
2120
2072
1928
2685
2067
2185
2580
2849
3238
3282
3242
3220
3134
3015
2496
2004
1694
1374
1224
1707
2010
2098
2469
2903
3442
3672
3564
3682
3578
3511
3106
2627
2309
2078
1943
3347
1985
2280
2550
2675
3265
3650
3516
3290
3296
3460
3016
2505
1875
1361
1169
2023
1994
2090
2403
2672
3490
4034
4046
3820
3688
3989
3691
3166
2474
2055
1928
4107
2486
2011
2334
2693
2933
3448
3705
3539
3299
3288
3413
2927
2371
1715
1184
2017
2378
2025
2147
2554
2954
3715
4132
4112
3872
3729
4008
3675
3112
2390
1932
4236
2310
2502
2045
2445
2892
3065
3472
3713
3531
3279
3237
3311
2774
2175
1501
2063
2211
2399
2063
2260
2762
3107
3767
4169
4140
3890
3732
3977
3609
3010
2254
4380
2057
2317
2525
2121
2592
2972
3062
3467
3695
3502
3223
3142
3144
2559
1920
2375
1970
2223
2424
2144
2407
2846
3118
3776
4173
4138
3875
3696
3903
3494
2850
4828
1810
2059
2332
2594
2234
2637
2957
3050
3447
3657
3442
3133
2995
2912
2274
2919
1735
1973
2239
2494
2260
2451
2838
3117
3773
4163
4117
3837
3633
3789
3329
5684
1638
1810
2068
2394
2701
2264
2612
2942
3033
3419
3603
3352
2994
2787
2605
3555
1568
1736
1985
2300
2598
2293
2434
2832
3110
3761
4143
4078
3779
3541
3630
6712
1538
1637
1818
2119
2490
2728
2238
2596
2927
3009
3370
3514
3212
2799
2515
4230
1472
1568
1744
2037
2395
2626
2270
2426
2827
3102
3748
4111
4025
3693
3408
7701
1468
1534
1639
1861
2199
2506
2695
2219
2577
2905
2970
3295
3381
3019
2542
4630
1407
1473
1573
1789
2116
2412
2599
2259
2420
2822
3092
3722
4066
3945
3571
8231
1402
1463
1536
1675
1921
2207
2472
2672
2201
2553
2863
2900
3165
3171
2735
4876
1343
1405
1476
1611
1850
2126
2384
2585
2249
2410
2809
3069
3675
3977
3806
8712
7818
7048
7427
7763
7897
7644
6740
6139
5397
4203
3287
2433
2004
1399
1029
1003
7734
6792
7129
8001
8263
7709
7100
6580
5775
4887
3915
2775
2367
1837
1411
1922
7315
7296
8062
8045
8386
8283
7496
6847
6168
5085
4166
3182
2462
1702
1250
1352
7158
7001
7859
8166
8655
8545
7971
7481
6672
5780
4866
3716
3001
2230
1724
2574
6710
7404
8581
8175
8731
8799
8174
7488
6911
6031
5177
4084
2965
2031
1487
1787
6497
7073
8497
8172
8889
9286
8775
8339
7558
6700
5926
4878
3730
2652
2063
3382
8350
6750
7527
8948
8788
9067
8818
8139
7424
6806
5868
4943
3794
2651
1715
2045
7966
6543
7202
8897
8851
9307
9387
8818
8353
7541
6640
5803
4703
3515
2415
3697
8204
8364
6826
7806
9449
9041
9042
8758
8051
7297
6621
5611
4606
3412
2261
2389
7829
7988
6622
7497
9439
9157
9340
9391
8799
8302
7458
6501
5605
4448
3220
4219
7833
8205
8414
7037
8202
9620
8975
8971
8659
7917
7108
6348
5254
4174
2939
3041
7472
7837
8043
6843
7906
9648
9133
9317
9347
8730
8201
7304
6291
5325
4103
5278
7441
7826
8246
8624
7383
8315
9529
8904
8881
8529
7724
6835
5975
4788
3627
3970
7101
7473
7880
8255
7194
8035
9595
9099
9274
9277
8630
8045
7093
6007
4952
6741
7237
7429
7856
8462
8985
7489
8230
9457
8822
8760
8343
7449
6459
5480
4196
5086
6904
7096
7505
8095
8614
7308
7971
9555
9054
9205
9176
8479
7831
6800
5619
8444
7133
7212
7443
8034
8782
9051
7381
8148
9366
8703
8577
8067
7061
5953
4846
6230
6802
6887
7111
7686
8411
8688
7218
7917
9495
8986
9106
9024
8267
7529
6399
10138
6992
7115
7227
7616
8342
8838
8934
7309
8076
9267
8548
8328
7690
6555
5312
7493
6668
6792
6907
7289
7991
8478
8595
7172
7877
9437
8910
8983
8835
7990
7133
11977
6789
6963
7118
7379
7871
8370
8712
8846
7233
7972
9093
8290
7930
7129
5839
8600
6474
6648
6801
7061
7546
8035
8374
8535
7126
7823
9351
8785
8788
8529
7557
13758
2919
2892
3560
4281
4322
3830
3409
3438
3442
3118
2478
1989
1786
1521
1340
1478
2712
2797
3553
4352
4593
4055
3802
4218
4209
3851
3263
2721
2563
2300
2048
2655
2637
2665
3172
3592
4160
4059
3678
3432
3326
3155
2785
2326
1903
1529
1340
1762
2447
2582
3099
3622
4322
4342
4064
3941
3937
3899
3674
3164
2758
2342
2098
3349
2354
2420
2783
2972
3948
4240
3912
3375
3168
3153
3085
2680
1998
1516
1322
2071
2177
2350
2666
2970
4008
4583
4282
3631
3631
3895
4078
3626
2925
2351
2116
4161
2648
2292
2369
2777
3053
3976
4141
3776
3247
3037
2999
2896
2460
1771
1279
2100
2528
2123
2307
2671
3066
4061
4511
4171
3525
3523
3770
3926
3450
2732
2136
4269
2415
2585
2242
2372
2864
3099
3896
4011
3643
3117
2896
2825
2671
2197
1509
2123
2311
2474
2080
2317
2764
3128
4002
4397
4058
3420
3411
3630
3746
3240
2502
4413
2169
2362
2542
2254
2470
2927
3055
3797
3895
3518
2984
2739
2618
2407
1894
2357
2076
2263
2437
2095
2420
2835
3095
3919
4293
3951
3317
3294
3476
3540
2990
4893
1877
2131
2331
2565
2370
2550
2910
2990
3705
3778
3389
2841
2560
2379
2098
2827
1798
2042
2235
2463
2205
2500
2826
3042
3841
4202
3854
3217
3172
3307
3301
5678
1693
1846
2104
2363
2695
2463
2541
2861
2924
3613
3659
3241
2666
2340
2092
3300
1621
1771
2021
2269
2589
2296
2495
2786
2986
3768
4112
3752
3107
3032
3103
6515
1599
1667
1826
2138
2497
2798
2460
2501
2805
2853
3509
3512
3058
2452
2077
3604
1532
1598
1752
2054
2401
2690
2298
2463
2742
2929
3694
4013
3638
2980
2864
6944
1536
1577
1649
1858
2264
2597
2798
2421
2451
2747
2773
3382
3329
2828
2193
3824
1471
1511
1582
1785
2176
2496
2693
2268
2424
2694
2873
3614
3906
3507
2830
7076
1474
1510
1558
1673
1958
2347
2593
2756
2371
2393
2669
2666
3203
3079
2525
4033
1410
1448
1493
1606
1882
2257
2495
2658
2227
2379
2642
2805
3509
3759
3324
7111
4053
3421
3251
3248
3794
3842
3498
2978
2395
1798
1330
830
580
346
223
202
3971
3418
3297
3603
4142
4143
3613
3192
2428
1864
1392
833
589
365
280
374
4744
4415
4379
4101
5025
5120
4790
4289
3466
2747
2111
1372
959
605
382
379
4647
4347
4423
4430
5148
5371
5187
4534
3676
2917
2163
1458
1055
657
492
672
5078
5217
5399
4738
6089
6245
6002
5652
4592
3836
3073
2074
1449
968
598
649
4978
5059
5429
4983
5855
6373
6816
5896
5096
4176
3074
2338
1727
1088
789
1103
5324
5376
5655
6126
5821
7104
6924
6454
5975
4826
3991
3147
2082
1412
907
895
5076
5281
5503
6188
6110
6901
7112
7347
6283
5383
4382
3199
2402
1745
1077
1456
5450
5439
5593
6188
6989
6513
7472
7158
6605
6068
4869
3969
3069
1982
1295
1272
5189
5190
5501
6054
7091
6846
7319
7390
7541
6424
5471
4411
3193
2368
1683
1906
5417
5510
5567
5962
6846
7465
6715
7599
7235
6647
6066
4816
3855
2912
1815
1834
5160
5255
5322
5876
6720
7595
7078
7465
7498
7618
6469
5472
4378
3137
2282
2754
5322
5453
5600
5842
6505
7208
7578
6778
7637
7253
6626
5983
4674
3655
2672
2624
5070
5200
5346
5599
6423
7087
7720
7157
7525
7544
7637
6453
5423
4293
3027
3870
5215
5345
5518
5832
6246
6756
7247
7604
6803
7643
7226
6539
5817
4450
3373
3845
4967
5094
5262
5570
5987
6668
7129
7763
7189
7545
7550
7608
6394
5326
4158
5312
4997
5218
5378
5687
6130
6372
6717
7231
7605
6787
7594
7125
6358
5548
4127
5220
4756
4975
5129
5429
5856
6108
6635
7126
7757
7191
7535
7516
7538
6290
5178
7288
4710
4996
5243
5529
5949
6215
6328
6689
7216
7586
6751
7503
6952
6092
5177
6789
4484
4760
5002
5278
5679
5937
6070
6619
7125
7765
7189
7514
7467
7438
6139
9583
4423
4703
5013
5380
5757
6014
6163
6304
6666
7189
7541
6665
7315
6652
5673
8636
4210
4481
4782
5136
5498
5743
5891
6054
6608
7117
7753
7162
7456
7356
7246
12001
7850
7289
7428
7654
6878
6594
6187
5267
4393
3376
2672
1952
1507
991
595
634
7636
7067
7345
7568
7375
7005
6525
5697
4726
3864
3080
2274
1782
1222
857
999
6577
6741
7415
7241
6840
6806
6080
5523
4784
3861
3125
2349
1779
1209
796
865
6327
6524
7255
7175
7217
7069
6638
6047
5264
4413
3597
2789
2206
1537
1107
1361
5378
6086
7233
6690
6644
6861
5835
5655
5092
4310
3569
2761
2052
1441
1043
1153
5119
5882
6996
6641
6897
6970
6596
6269
5725
4921
4102
3339
2669
1889
1397
1815
5652
5125
5827
7056
6659
6488
6522
5481
5302
4747
3973
3239
2445
1752
1163
1322
5389
4878
5634
6833
6643
6772
6666
6255
5933
5402
4619
3816
3066
2401
1640
2116
5433
5452
4947
5748
7140
6634
6256
6227
5192
5005
4439
3658
2915
2124
1445
1532
5180
5202
4711
5572
6947
6643
6570
6403
5984
5658
5132
4352
3552
2797
2125
2525
5177
5283
5326
4935
5925
7219
6484
6040
5991
4959
4744
4150
3344
2578
1789
1905
4937
5041
5084
4708
5760
7054
6523
6379
6194
5769
5436
4898
4106
3291
2516
3227
4854
5046
5172
5329
5123
6027
7095
6288
5830
5760
4717
4459
3820
2981
2196
2398
4628
4816
4939
5095
4896
5870
6955
6349
6192
5997
5559
5207
4648
3830
2989
4024
4614
4749
4960
5211
5552
5270
5952
6929
6105
5635
5528
4458
4136
3442
2568
3022
4400
4534
4735
4981
5312
5042
5809
6809
6189
6022
5811
5353
4971
4371
3515
4956
4425
4521
4676
5011
5461
5722
5223
5818
6758
5918
5424
5258
4154
3752
2998
3696
4218
4316
4464
4789
5225
5481
5009
5696
6670
6032
5853
5617
5129
4697
4042
6002
4247
4349
4464
4742
5278
5650
5698
5120
5686
6589
5724
5185
4941
3799
3305
4473
4048
4152
4264
4534
5052
5415
5471
4927
5587
6527
5888
5685
5415
4879
4382
7153
4086
4167
4286
4516
4972
5447
5620
5592
4992
5526
6379
5466
4863
4516
3335
5147
3896
3977
4094
4317
4761
5221
5395
5381
4819
5460
6374
5710
5471
5144
4541
8157
3162
3116
3565
4158
4086
3729
3436
3556
3288
2840
2276
1809
1691
1367
1151
1179
2934
3025
3494
4227
4459
3935
3770
3958
3801
3356
2762
2312
2113
1839
1585
1925
2848
2884
3394
3668
3982
3867
3504
3395
3239
3089
2682
2154
1801
1396
1192
1483
2604
2806
3276
3635
4156
4052
3867
3756
3725
3615
3194
2714
2358
1937
1681
2534
2533
2634
3190
3193
3829
3958
3527
3199
3149
3317
3118
2530
1894
1410
1217
1840
2282
2569
3032
3087
3824
4121
3916
3519
3601
3844
3644
3148
2596
2015
1760
3296
2672
2466
2578
3184
3276
3854
3864
3399
3071
3010
3146
2915
2309
1667
1180
1875
2557
2224
2519
3038
3186
3875
4060
3813
3417
3494
3721
3506
2998
2429
1835
3462
2504
2606
2413
2576
3278
3323
3774
3740
3272
2943
2862
2952
2675
2048
1409
1898
2398
2499
2178
2531
3142
3249
3821
3959
3707
3314
3382
3587
3348
2813
2226
3673
2301
2447
2559
2422
2681
3345
3271
3671
3626
3149
2809
2697
2726
2396
1752
2127
2205
2348
2457
2192
2640
3218
3214
3738
3858
3609
3215
3268
3439
3165
2602
4203
2074
2253
2407
2573
2533
2751
3307
3189
3570
3497
3019
2661
2505
2459
2069
2550
1986
2161
2310
2476
2297
2713
3194
3150
3656
3764
3511
3112
3145
3269
2949
4917
1925
2034
2222
2435
2695
2621
2731
3245
3110
3469
3376
2876
2484
2277
2148
3073
1844
1952
2133
2341
2595
2380
2700
3142
3084
3580
3677
3415
3005
3003
3070
5727
1826
1891
2009
2252
2562
2789
2606
2680
3174
3026
3358
3229
2699
2274
2006
3477
1748
1813
1928
2166
2467
2690
2375
2660
3090
3022
3507
3586
3309
2882
2839
6392
1743
1796
1868
2040
2377
2658
2784
2562
2622
3101
2935
3226
3049
2485
2020
3660
1669
1723
1795
1962
2290
2564
2690
2342
2615
3039
2965
3428
3489
3192
2739
6697
1663
1712
1772
1891
2146
2460
2649
2735
2503
2554
3010
2812
3042
2806
2202
3765
1593
1641
1702
1820
2067
2374
2558
2654
2298
2564
2979
2892
3332
3358
3026
6798
1505
1506
1734
2150
2298
2111
1758
1768
1713
1454
1183
980
940
830
643
733
1432
1484
1760
2186
2467
2153
1861
1986
1979
1848
1589
1280
1263
1147
1024
1325
1490
1565
1724
1898
2239
2292
2000
1903
1753
1554
1384
1143
968
782
640
885
1426
1448
1720
1924
2346
2353
2214
2078
1964
1933
1775
1492
1359
1165
1042
1647
1465
1621
1701
1666
2169
2475
2263
2038
1784
1652
1610
1330
989
733
633
1066
1411
1406
1673
1685
2218
2558
2617
2162
1938
2010
1972
1730
1454
1173
1056
2037
2038
1464
1629
1733
1715
2166
2428
2228
2005
1746
1602
1536
1236
888
623
1045
1948
1414
1417
1711
1745
2229
2530
2602
2150
1924
1987
1932
1671
1378
1079
2108
1823
2036
1470
1664
1786
1722
2131
2396
2193
1963
1697
1531
1434
1115
760
1045
1743
1947
1420
1450
1771
1758
2206
2521
2585
2131
1901
1946
1872
1590
1273
2199
1603
1818
2039
1501
1720
1791
1693
2106
2362
2153
1911
1628
1436
1303
966
1174
1533
1741
1953
1453
1503
1781
1738
2193
2504
2560
2105
1864
1889
1786
1478
2460
1475
1598
1822
2078
1556
1726
1766
1676
2081
2329
2101
1839
1534
1312
1138
1419
1413
1531
1746
1993
1509
1511
1763
1726
2179
2483
2530
2066
1814
1810
1671
2827
1465
1471
1601
1860
2148
1565
1702
1750
1658
2051
2274
2029
1742
1412
1158
1714
1403
1410
1533
1784
2063
1519
1492
1751
1716
2161
2448
2488
2016
1745
1704
3258
1498
1460
1473
1635
1927
2160
1542
1683
1733
1635
2011
2202
1927
1610
1255
1920
1433
1398
1412
1569
1849
2075
1499
1481
1741
1703
2140
2412
2433
1945
1651
3583
1494
1494
1461
1504
1694
1935
2130
1525
1669
1714
1607
1954
2103
1794
1442
2146
1428
1429
1401
1444
1626
1858
2050
1489
1474
1730
1690
2113
2366
2359
1853
3778
1436
1487
1493
1491
1553
1697
1907
2109
1511
1649
1684
1562
1865
1955
1603
2416
1373
1422
1431
1430
1491
1630
1834
2035
1478
1464
1716
1668
2072
2293
2243
4065
7561
6964
7265
7145
6797
6417
6042
5325
4445
3551
2520
1718
1208
819
589
545
7413
6937
7213
7557
7271
6670
6232
5673
4933
3858
2764
1936
1459
1100
758
859
6371
6320
6976
6664
6838
6566
6025
5337
4690
3952
3050
2201
1505
1000
698
715
6197
6227
6890
6955
7146
6931
6389
5754
5195
4383
3519
2556
1884
1329
948
1166
5262
5627
6570
6096
6745
6590
5893
5246
4854
4314
3620
2767
1836
1196
810
920
5081
5482
6454
6277
6889
7065
6423
5719
5366
4883
4392
3308
2388
1575
1164
1553
4820
5038
5399
6427
6100
6627
6293
5573
4943
4557
4016
3323
2483
1590
985
1067
4584
4865
5261
6322
6298
6791
6779
6109
5421
5078
4598
4107
3050
2158
1375
1802
4663
4645
4872
5329
6522
6086
6409
6019
5303
4680
4286
3724
3017
2183
1332
1295
4436
4418
4706
5203
6429
6301
6587
6516
5847
5173
4828
4339
3837
2790
1916
2145
4436
4528
4527
4860
5482
6577
5938
6188
5790
5077
4447
4025
3427
2693
1862
1718
4223
4311
4307
4701
5360
6498
6167
6386
6298
5634
4963
4608
4097
3560
2516
2840
4183
4335
4444
4541
5072
5607
6497
5778
6006
5591
4864
4208
3738
3090
2325
2389
3985
4129
4234
4325
4909
5487
6426
6021
6216
6114
5448
4768
4388
3838
3254
3805
3941
4106
4273
4494
4758
5239
5566
6372
5635
5839
5396
4633
3933
3404
2700
3170
3757
3914
4073
4284
4535
5071
5454
6311
5890
6066
5951
5265
4567
4145
3543
5066
3720
3875
4056
4332
4731
4936
5212
5465
6238
5485
5652
5162
4353
3603
3001
3949
3545
3693
3867
4132
4512
4703
5053
5365
6196
5757
5916
5771
5064
4333
3856
6146
3493
3659
3828
4114
4568
4901
4921
5118
5346
6096
5319
5430
4874
4009
3202
4700
3326
3489
3651
3926
4360
4676
4697
4975
5263
6077
5624
5756
5575
4831
4055
7150
3282
3427
3607
3873
4317
4717
4878
4830
5000
5206
5915
5097
5122
4486
3556
5287
3125
3267
3440
3697
4125
4505
4659
4619
4871
5147
5939
5460
5550
5311
4511
7944
812
801
892
1260
1223
1078
1016
1098
965
843
636
485
429
376
327
369
834
812
909
1062
1261
1271
1157
1266
1165
954
777
588
576
477
484
671
1006
933
1021
1212
1448
1486
1509
1523
1261
1130
875
673
536
416
339
483
990
936
1002
1088
1286
1519
1612
1608
1371
1245
1006
788
691
551
534
888
1193
1046
1122
1122
1650
1970
2157
2029
1584
1454
1158
897
646
443
340
605
1130
1040
1064
1076
1266
1746
2160
1964
1555
1563
1258
1020
797
612
567
1126
1272
1228
1104
1238
1321
1845
2095
2243
2090
1626
1477
1163
880
614
406
633
1212
1166
1100
1181
1264
1438
1868
2259
2037
1609
1602
1281
1025
786
590
1228
1147
1290
1263
1183
1371
1429
1898
2136
2270
2104
1629
1456
1125
828
556
705
1094
1232
1202
1182
1313
1367
1492
1910
2290
2063
1625
1601
1268
1001
749
1313
1049
1156
1311
1327
1289
1443
1452
1912
2144
2271
2092
1603
1406
1058
751
878
1000
1103
1252
1266
1289
1384
1390
1508
1924
2302
2065
1617
1576
1234
954
1525
980
1055
1169
1361
1419
1337
1450
1456
1914
2141
2257
2056
1548
1326
965
1151
932
1005
1117
1301
1355
1335
1393
1397
1514
1927
2302
2050
1595
1538
1182
1857
951
983
1066
1216
1445
1467
1341
1454
1460
1913
2128
2221
1992
1467
1215
1505
906
937
1016
1160
1380
1399
1340
1398
1401
1517
1926
2287
2027
1562
1481
2298
935
954
990
1100
1279
1476
1460
1341
1453
1457
1900
2097
2154
1894
1355
1948
890
910
944
1048
1221
1409
1393
1340
1401
1401
1515
1915
2260
1988
1512
2865
900
937
959
1018
1151
1297
1467
1454
1338
1453
1449
1876
2043
2058
1759
2363
856
892
914
971
1097
1238
1400
1390
1340
1400
1401
1509
1898
2221
1931
3297
839
901
942
985
1063
1165
1289
1462
1451
1334
1445
1431
1826
1950
1907
2947
797
857
897
938
1013
1111
1229
1398
1388
1339
1400
1394
1495
1867
2159
3946
4780
4469
4670
5165
5491
5216
4462
4186
3604
2999
2339
1742
1594
1321
1006
1152
4818
4400
4717
5473
5765
5221
4712
4632
4070
3500
2939
2223
2086
1778
1470
1944
4202
4271
4514
4790
5423
5427
4655
4222
3687
3167
2643
2033
1634
1284
1027
1345
4189
4083
4541
4860
5554
5491
4941
4493
4090
3713
3239
2550
2256
1789
1568
2381
3649
4033
4309
4387
5288
5577
4796
4211
3721
3304
2951
2342
1655
1236
1041
1550
3599
3742
4318
4262
5285
5704
5116
4304
4061
3890
3526
2888
2409
1782
1651
2880
4477
3452
3839
4163
4329
5121
5269
4485
3923
3449
3031
2671
2069
1408
997
1528
4281
3413
3562
4194
4228
5153
5429
4838
4052
3821
3650
3287
2662
2186
1565
2996
4063
4306
3304
3765
4181
4273
4908
5003
4230
3680
3207
2779
2397
1796
1159
1527
3888
4123
3276
3497
4235
4194
4971
5200
4612
3850
3625
3441
3072
2445
1956
3062
3663
3915
4171
3250
3828
4171
4121
4695
4772
4001
3454
2969
2516
2105
1502
1686
3505
3752
3996
3233
3567
4240
4066
4787
4995
4418
3668
3440
3242
2851
2210
3492
3362
3548
3809
4152
3335
3850
4064
3965
4513
4564
3792
3233
2727
2238
1789
2065
3219
3399
3654
3985
3323
3597
4147
3930
4631
4828
4252
3512
3273
3040
2616
4041
3259
3275
3472
3821
4293
3404
3782
3950
3832
4351
4365
3577
2993
2451
1926
2530
3118
3139
3329
3668
4126
3399
3542
4045
3816
4500
4679
4100
3363
3096
2820
4778
3255
3179
3210
3490
3977
4387
3354
3679
3831
3699
4177
4146
3329
2711
2132
2933
3113
3046
3079
3351
3825
4224
3358
3458
3950
3712
4374
4532
3942
3192
2890
5452
3205
3192
3132
3246
3664
4099
4357
3280
3590
3728
3571
3994
3894
3044
2387
3373
3064
3057
3003
3117
3524
3948
4205
3298
3387
3868
3622
4260
4387
3776
3009
6007
3093
3139
3139
3159
3394
3768
4064
4269
3190
3488
3601
3407
3748
3562
2675
3821
2956
3004
3009
3033
3264
3630
3922
4130
3222
3310
3779
3519
4118
4198
3552
6454
2752
2757
3424
4488
5432
4847
4223
4407
4231
4132
3516
2665
2006
1800
1622
2261
2576
2633
3374
4782
6230
6007
5240
5359
5720
5499
4665
3518
2987
2791
2901
4943
2630
2626
3002
3769
5305
5674
4995
4463
4144
4181
3822
3185
2537
1994
1620
2618
2521
2422
2868
3956
5862
6703
5928
5280
5224
5398
5091
4339
3598
2982
2801
5740
2473
2462
2590
3115
5097
6534
5816
4446
3993
4158
4086
3746
3157
2174
1592
2985
2431
2193
2399
3219
5426
7360
6594
5118
4695
5216
5467
5265
4267
3134
2663
6556
3241
2485
2488
2667
3266
5170
6489
5790
4429
3968
4109
3990
3585
2936
1942
2990
3088
2448
2221
2479
3385
5523
7341
6601
5128
4698
5203
5411
5155
4109
2940
6402
3019
3251
2506
2562
2786
3322
5138
6460
5765
4400
3924
4016
3827
3346
2635
3314
2881
3099
2472
2293
2595
3448
5507
7343
6601
5119
4677
5145
5300
4972
3873
6630
2438
3025
3271
2577
2680
2829
3299
5119
6434
5725
4348
3838
3858
3586
3020
4119
2329
2887
3121
2543
2400
2635
3431
5500
7327
6580
5093
4628
5047
5132
4709
7686
1833
2441
3041
3350
2697
2713
2808
3285
5098
6389
5658
4256
3695
3624
3251
4975
1752
2331
2905
3199
2659
2428
2620
3423
5490
7305
6546
5041
4550
4900
4889
9194
1487
1832
2450
3116
3482
2727
2686
2796
3272
5066
6320
5546
4107
3488
3305
5747
1424
1752
2341
2979
3323
2687
2406
2612
3415
5470
7265
6481
4961
4432
4692
10445
1408
1488
1837
2509
3240
3513
2695
2671
2785
3253
5017
6205
5363
3889
3202
6324
1349
1423
1758
2400
3095
3353
2658
2396
2606
3404
5444
7204
6391
4846
4264
11175
1451
1409
1491
1883
2609
3264
3477
2678
2660
2773
3226
4938
6023
5101
3594
6673
1387
1347
1428
1802
2493
3118
3317
2642
2389
2599
3392
5408
7122
6262
4683
11385
1468
1448
1412
1526
1948
2622
3227
3456
2666
2645
2749
3175
4792
5729
4709
7184
1401
1384
1350
1460
1865
2505
3082
3301
2634
2381
2588
3369
5343
6973
6045
11848
3605
3620
4135
4618
4508
4134
3841
3817
3518
3052
2373
2023
1653
1332
1132
1157
3498
3503
4076
4678
4805
4470
4284
4323
4105
3516
3064
2396
2135
1952
1687
1997
3276
3366
3900
4160
4426
4365
4030
3761
3561
3282
2736
2305
1802
1441
1175
1411
3181
3276
3774
4057
4574
4600
4472
4306
4111
3771
3448
2862
2414
2039
1748
2592
2936
3088
3632
3698
4289
4550
4175
3658
3558
3485
3110
2592
1939
1540
1201
1697
2856
3025
3449
3472
4299
4670
4609
4234
4065
3994
3829
3375
2695
2101
1788
3322
3195
2862
3028
3630
3802
4329
4448
4026
3511
3399
3297
2895
2355
1696
1277
1761
3053
2790
2971
3461
3593
4367
4604
4491
4112
3939
3856
3669
3195
2499
1889
3421
2948
3125
2809
3038
3753
3878
4254
4313
3883
3363
3228
3087
2648
2080
1424
1886
2819
2992
2742
2993
3594
3683
4320
4501
4372
3990
3811
3702
3485
2979
2264
3611
2700
2886
3075
2825
3169
3841
3825
4142
4179
3735
3207
3037
2841
2359
1767
2108
2582
2764
2946
2764
3129
3692
3652
4231
4391
4251
3865
3669
3530
3269
2721
4106
2474
2648
2844
3100
2964
3262
3808
3736
4027
4035
3580
3031
2814
2551
2024
2522
2367
2534
2725
2975
2904
3228
3671
3582
4139
4281
4131
3734
3512
3332
3015
4848
2329
2431
2614
2880
3252
3075
3244
3739
3645
3911
3889
3404
2823
2546
2212
2995
2228
2328
2505
2764
3124
3017
3218
3617
3510
4049
4170
4006
3589
3335
3094
5625
2228
2289
2400
2649
3031
3364
3059
3181
3652
3543
3777
3710
3183
2568
2228
3441
2133
2193
2301
2541
2912
3237
3009
3167
3551
3432
3955
4050
3863
3419
3116
6216
2136
2195
2264
2439
2801
3149
3359
3007
3114
3566
3433
3620
3492
2919
2266
3763
2044
2104
2172
2342
2691
3031
3240
2969
3114
3490
3362
3859
3926
3701
3220
6678
2020
2100
2168
2295
2567
2901
3140
3303
2939
3031
3455
3282
3402
3199
2571
3968
1933
2013
2079
2204
2469
2794
3028
3196
2914
3054
3417
3275
3735
3759
3481
7041
5406
5169
5687
6555
6619
5960
5257
5212
4639
3904
3082
2322
2047
1776
1452
1449
5184
5046
5710
6782
6894
6159
5865
5895
5541
4639
3876
3013
2953
2447
1923
2262
4662
4647
5188
5554
6162
5979
5205
4838
4373
3983
3378
2672
2181
1784
1408
1802
4446
4474
5162
5700
6439
6179
5733
5383
5187
4693
4349
3428
3122
2460
2115
2909
3962
4117
4663
4639
5652
5913
5082
4426
4062
4007
3650
3030
2289
1770
1348
2210
3759
3911
4598
4721
5926
6109
5523
4845
4785
4676
4810
3845
3252
2441
2294
3690
4483
3680
3849
4460
4519
5400
5509
4669
4033
3681
3605
3232
2620
1908
1400
2034
4290
3498
3662
4415
4627
5704
5740
5133
4465
4411
4290
4404
3463
2889
2097
3891
4013
4267
3484
3720
4415
4381
5107
5173
4352
3736
3378
3266
2866
2246
1551
2058
3841
4090
3315
3546
4393
4509
5433
5428
4833
4189
4134
3988
4076
3141
2555
3972
3572
3857
4121
3418
3764
4382
4207
4870
4915
4100
3489
3112
2949
2506
1870
2252
3421
3695
3954
3260
3601
4378
4355
5221
5200
4611
3978
3910
3739
3773
2828
4518
3204
3445
3731
4077
3487
3761
4251
4025
4655
4674
3861
3242
2836
2608
2116
2638
3068
3303
3581
3919
3332
3610
4261
4188
5031
4988
4412
3781
3697
3485
3446
5159
3030
3109
3358
3726
4189
3529
3673
4112
3871
4473
4454
3628
2989
2537
2234
3095
2902
2982
3224
3582
4036
3382
3536
4141
4053
4875
4821
4242
3611
3486
3217
6162
2964
2944
3035
3362
3852
4250
3455
3555
3976
3723
4278
4211
3364
2693
2195
3485
2838
2824
2912
3232
3710
4104
3322
3435
4027
3928
4721
4651
4066
3416
3242
6667
2892
2894
2886
3053
3503
3940
4196
3360
3450
3854
3576
4075
3942
3063
2361
3741
2770
2776
2772
2936
3376
3801
4064
3245
3351
3932
3817
4584
4489
3879
3202
7078
2768
2819
2833
2898
3169
3574
3881
4092
3254
3335
3709
3397
3811
3591
2677
4002
2649
2703
2720
2786
3054
3450
3752
3973
3156
3259
3825
3695
4420
4278
3631
7303
3356
3320
3845
4428
4619
4055
3780
3901
3649
3117
2502
1935
1711
1460
1152
1342
3257
3282
3719
4488
4647
4279
4116
4414
4114
3651
3078
2438
2336
2024
1780
2432
3045
3036
3516
3833
4551
4416
4104
3772
3595
3364
2862
2296
1912
1519
1199
1597
2985
2997
3424
3858
4455
4557
4378
4266
4033
3874
3494
2872
2546
2134
1908
2977
2727
2743
3176
3277
4428
4755
4403
3605
3498
3586
3236
2690
2113
1562
1235
1877
2705
2704
3118
3277
4219
4797
4602
4075
3905
4062
3916
3345
2742
2223
2021
3603
3054
2662
2692
3178
3379
4477
4657
4259
3469
3351
3407
3029
2458
1863
1307
1905
2922
2646
2658
3133
3399
4296
4742
4495
3968
3797
3941
3776
3189
2568
2027
3866
2807
2996
2620
2710
3302
3468
4416
4538
4123
3337
3200
3210
2787
2187
1579
2012
2687
2872
2610
2686
3269
3503
4265
4650
4396
3869
3692
3812
3617
3006
2364
4096
2563
2755
2957
2645
2841
3399
3437
4317
4412
3986
3196
3026
2970
2502
1874
2320
2454
2641
2837
2640
2822
3375
3487
4195
4556
4293
3766
3576
3660
3429
2785
4597
2318
2518
2719
2986
2781
2934
3375
3361
4210
4277
3834
3032
2814
2683
2162
2750
2220
2413
2609
2868
2780
2921
3365
3430
4113
4453
4188
3658
3446
3488
3201
5333
2172
2278
2487
2755
3134
2887
2921
3319
3281
4099
4127
3655
2831
2558
2342
3264
2081
2185
2385
2646
3015
2889
2916
3317
3365
4031
4358
4077
3534
3296
3278
6216
2100
2137
2252
2525
2908
3251
2880
2871
3249
3196
3969
3948
3433
2590
2254
3735
2011
2049
2161
2425
2797
3132
2889
2877
3264
3300
3952
4253
3954
3391
3114
6897
2035
2069
2114
2289
2670
3021
3249
2834
2814
3176
3099
3815
3729
3162
2298
3995
1948
1984
2031
2200
2569
2912
3137
2853
2831
3213
3239
3867
4140
3815
3225
7257
1937
2000
2044
2145
2411
2766
3013
3196
2770
2740
3083
2971
3599
3430
2803
4176
1853
1917
1962
2061
2321
2666
2909
3095
2803
2778
3151
3164
3759
3989
3619
7579
3542
3270
3548
4164
4114
3661
3539
3295
3002
2526
2123
1505
1259
887
691
779
3281
3170
3415
4029
4391
4122
3911
3623
3442
2974
2438
1787
1365
1178
961
1362
3494
3384
3705
3988
4404
4370
4177
3723
3381
2925
2550
1941
1569
1133
880
1080
3270
3294
3517
3981
4672
4838
4664
4163
3824
3390
2968
2388
1896
1475
1167
1909
3357
3407
3765
3721
4591
5075
4799
4094
3708
3295
2982
2434
1903
1411
1088
1457
3171
3334
3527
3828
4839
5528
5415
4655
4136
3762
3517
3105
2563
1799
1379
2602
4263
3394
3485
3968
4080
4846
5152
4828
4108
3703
3260
2903
2315
1752
1239
1663
4062
3210
3414
3738
4218
5136
5642
5483
4704
4165
3767
3486
3038
2461
1680
2788
3962
4280
3439
3629
4225
4230
4859
5146
4814
4079
3650
3170
2763
2137
1549
1924
3777
4081
3258
3564
3996
4386
5172
5667
5496
4704
4152
3723
3409
2921
2308
3193
3602
3968
4310
3552
3825
4316
4216
4841
5117
4770
4017
3551
3022
2564
1902
2357
3438
3787
4115
3370
3764
4092
4382
5174
5663
5478
4676
4100
3645
3289
2755
4037
3318
3603
3989
4422
3735
3890
4290
4197
4813
5074
4696
3911
3394
2815
2293
2924
3168
3441
3810
4226
3549
3829
4077
4375
5162
5642
5443
4619
4021
3529
3120
5023
3214
3313
3616
4092
4602
3783
3852
4268
4171
4772
5000
4579
3749
3175
2533
3609
3067
3165
3455
3910
4398
3593
3794
4061
4359
5137
5602
5378
4536
3903
3363
6037
3174
3205
3320
3699
4249
4642
3733
3822
4239
4135
4706
4880
4398
3518
2878
4255
3028
3062
3173
3538
4061
4435
3550
3774
4045
4337
5103
5537
5289
4413
3739
6955
3085
3167
3211
3397
3838
4276
4586
3703
3800
4211
4088
4611
4709
4151
3213
4976
2945
3027
3071
3249
3672
4087
4388
3531
3760
4032
4318
5061
5464
5170
4253
7936
2962
3074
3168
3278
3510
3853
4218
4549
3676
3767
4159
4001
4445
4439
3785
5677
2827
2938
3030
3138
3361
3688
4037
4360
3513
3743
4010
4281
4989
5336
4975
9020
3450
3092
3381
3688
4042
3669
3600
3266
2732
2270
1863
1524
1229
884
661
581
3206
2989
3266
3911
4261
4017
3676
3445
3098
2578
2188
1759
1461
1112
860
965
3054
2923
3254
3380
3831
3775
3570
3210
2916
2541
2143
1711
1388
989
762
777
2876
2891
3186
3460
3933
4052
3795
3487
3235
2861
2513
2050
1699
1311
1016
1310
2673
2729
3094
3059
3586
3836
3496
3114
3074
2809
2435
1897
1546
1093
868
1027
2548
2762
3069
3024
3585
4033
3870
3488
3337
3138
2850
2359
1949
1528
1190
1759
2799
2586
2653
3065
3103
3569
3709
3342
2966
2920
2643
2259
1718
1349
905
1169
2672
2466
2688
3050
3082
3589
3926
3734
3361
3213
3009
2715
2222
1800
1370
2008
2570
2727
2526
2649
3149
3140
3487
3579
3211
2837
2772
2473
2067
1517
1137
1298
2454
2606
2413
2695
3147
3136
3528
3819
3621
3249
3098
2884
2577
2070
1633
2334
2383
2511
2677
2536
2755
3213
3091
3391
3467
3089
2704
2611
2280
1845
1293
1573
2277
2401
2562
2426
2809
3220
3100
3447
3725
3516
3145
2983
2750
2420
1894
2801
2202
2337
2474
2700
2664
2839
3188
3022
3300
3354
2966
2561
2425
2053
1592
1878
2104
2236
2368
2586
2552
2898
3205
3043
3374
3634
3421
3040
2862
2603
2240
3359
2098
2165
2309
2507
2832
2762
2825
3131
2949
3209
3242
2825
2391
2205
1789
2307
2005
2070
2210
2402
2718
2651
2891
3156
2984
3300
3548
3321
2927
2724
2427
4039
2019
2066
2141
2345
2649
2944
2757
2778
3069
2876
3109
3099
2652
2188
1941
2737
1930
1976
2050
2248
2541
2826
2652
2852
3107
2925
3232
3455
3212
2800
2559
4664
1936
1990
2044
2178
2482
2753
2941
2713
2722
3001
2789
2987
2927
2442
1942
3144
1849
1903
1956
2086
2382
2644
2831
2617
2806
3057
2867
3157
3354
3086
2646
5224
1832
1904
1966
2072
2293
2571
2746
2894
2654
2654
2912
2674
2816
2691
2162
3377
1749
1821
1883
1987
2200
2472
2643
2793
2571
2755
2995
2796
3059
3219
2911
5646
9184
8500
8446
8176
7554
7225
6730
5662
4668
3554
2626
1779
1209
836
522
508
8924
8486
8248
8384
8042
7523
6932
6031
4923
3805
2794
1919
1524
1020
740
842
7844
7775
8478
8023
7809
7398
6713
6009
5111
4017
3203
2289
1577
1033
665
662
7530
7684
8404
8196
8131
7716
7155
6437
5532
4442
3530
2543
1918
1283
914
1103
6591
6999
8375
7750
7946
7456
6592
6278
5510
4471
3848
2900
2024
1255
836
847
6253
6849
8432
7888
8091
7790
7270
6763
6120
5104
4392
3318
2378
1591
1113
1421
7290
6285
6701
8170
7720
7768
7085
6196
5885
5135
4115
3490
2565
1725
1008
1015
6938
5960
6555
8250
7890
7947
7448
6891
6391
5766
4776
4076
3033
2124
1369
1647
6991
7032
6067
6605
8268
7682
7490
6753
5867
5548
4792
3776
3133
2220
1415
1247
6653
6695
5750
6472
8377
7881
7701
7140
6577
6080
5461
4478
3777
2746
1861
2004
6694
6782
6855
6036
6778
8330
7481
7215
6471
5586
5239
4464
3437
2759
1858
1705
6373
6459
6530
5729
6663
8454
7708
7454
6882
6318
5816
5186
4201
3473
2447
2654
6347
6534
6652
6875
6280
6920
8202
7265
6977
6221
5318
4922
4105
3058
2342
2321
6044
6225
6338
6556
5973
6814
8352
7513
7241
6662
6088
5562
4910
3901
3138
3565
6153
6219
6434
6714
7176
6483
6850
8025
7059
6750
5967
5027
4562
3692
2627
3070
5859
5927
6133
6402
6850
6172
6758
8190
7329
7045
6453
5854
5297
4603
3560
4732
6023
6038
6133
6511
7052
7414
6441
6706
7833
6847
6499
5669
4679
4133
3210
3752
5735
5756
5847
6209
6730
7085
6147
6635
8022
7145
6845
6229
5597
4990
4235
5835
5882
5930
5973
6229
6876
7322
7402
6327
6559
7643
6625
6216
5320
4275
3631
4646
5600
5650
5696
5946
6568
6998
7088
6055
6512
7865
6976
6646
5993
5311
4635
7135
5752
5782
5856
6052
6553
7121
7300
7277
6178
6380
7400
6324
5830
4858
3746
5478
5475
5509
5583
5777
6263
6811
6989
6983
5933
6367
7678
6763
6388
5679
4925
8270
""
""
""
""
""
""
""
""
""
""
""
""
""
""
""
""
""
""
""
""
""
""
""
""
""
""
""
""
""
""
""
""
""
""
""
""
""
""
""
""
""
""
""
""
""
""
""
""
""
""
""
""
""
""
""
""
""
""
""
""
""
""
""
""
""
""
""
""
""
""
""
""
""
""
""
""
""
""
""
""
""
""
""
""
""
""
""
""
""
""
""
""
""
""
""
""
""
""
""
""
""
""
""
""
""
""
""
""
""
""
""
""
""
""
""
""
""
""
""
""
""
""
""
""
""
""
""
""
""
""
""
""
""
""
""
""
""
""
""
""
""
""
""
""
""
""
""
""
""
""
""
""
""
""
""
""
""
""
""
""
""
""
""
""
""
""
""
""
""
""
""
""
""
""
""
""
""
""
""
""
""
""
""
""
""
""
""
""
""
""
""
""
""
""
""
""
""
""
""
""
""
""
""
""
""
""
""
""
""
""
""
""
""
""
""
""
""
""
""
""
""
""
""
""
""
""
""
""
""
""
""
""
""
""
""
""
""
""
""
""
""
""
""
""
""
""
""
""
""
""
""
""
""
""
""
""
""
""
""
""
""
""
""
""
""
""
""
""
""
""
""
""
""
""
""
""
""
""
""
""
""
""
""
""
""
""
""
""
""
""
""
""
""
""
""
""
""
""
""
""
""
""
""
""
""
""
""
""
""
""
""
""
""
""
""
""
""
""
""
""
""
""
""
""
""
""
""
""
""
""
""
""
""
""
""
""
""
""
""
""
""
""
""
""
""
""
""
""
""
""
""
""
""
""
""
""
""
""
""
""
""
""
""
""
""
""
""
""
""
""
""
""
""
""
""
""
""
""
""
""
""
""
""
""
""
""
""
""
""
""
""
""
""
""
""
""
""
""
""
""
""
""
""
""
""
""
""
""
""
""
""
""
""
""
""
""
""
""
""
""
""
""
""
""
""
""
""
""
""
""
""
""
""
""
""
""
""
""
""
""
""
""
""
""
""
""
""
""
""
""
""
""
""
""
""
""
""
""
""
""
""
""
""
""
""
""
""
""
""
""
""
""
""
""
""
""
""
""
""
""
""
""
""
""
""
""
""
""
""
""
""
""
""
""
""
""
""
""
""
""
""
""
""
""
""
""
""
""
""
""
""
""
""
""
""
""
""
""
""
""
""
""
""
""
""
""
""
""
""
""
""
""
""
""
""
""
""
""
""
""
""
""
""
""
""
""
""
""
""
""
""
""
""
""
""
""
""
""
""
""
""
""
""
""
""
""
""
""
""
""
""
""
""
""
""
""
""
""
""
""
""
""
""
""
""
""
""
""
""
""
""
""
""
""
""
""
""
""
""
""
""
""
""
""
""
""
""
""
""
""
""
""
""
""
""
""
""
""
""
""
""
""
""
""
""
""
""
""
""
""
""
""
""
""
""
""
""
""
""
""
""
""
""
""
""
""
""
""
""
""
""
""
""
""
""
""
""
""
""
""
""
""
""
""
""
""
""
""
""
""
""
""
""
""
""
""
""
""
""
""
""
""
""
""
""
""
""
""
""
""
""
""
""
""
""
""
""
""
""
""
""
""
""
""
""
""
""
""
""
""
""
""
""
""
""
""
""
""
""
""
""
""
""
""
""
""
""
""
""
""
""
""
""
""
""
""
""
""
""
""
""
""
""
""
""
""
""
""
""
""
""
""
""
""
""
""
""
""
""
""
""
""
""
""
""
""
""
""
""
""
""
""
""
""
""
""
""
""
""
""
""
""
""
""
""
""
""
""
""
""
""
""
""
""
""
""
""
""
""
""
""
""
""
""
""
""
""
""
""
""
""
""
""
""
""
""
""
""
""
""
""
""
""
""
""
""
""
""
""
""
""
""
""
""
""
""
""
""
""
""
""
""
""
""
""
""
""
""
""
""
""
""
""
""
""
""
""
""
""
""
""
""
""
""
""
""
""
""
""
""
""
""
""
""
""
""
""
""
""
""
""
""
""
""
""
""
""
""
""
""
""
""
""
""
""
""
""
""
""
""
""
""
""
""
""
""
""
""
""
""
""
""
""
""
""
""
""
""
""
""
""
""
""
""
""
""
""
""
""
""
""
""
""
""
""
""
""
""
""
""
""
""
""
""
""
""
""
""
""
""
""
""
""
""
""
""
""
""
""
""
""
""
""
""
""
""
""
""
""
""
""
""
""
""
""
""
""
""
""
""
""
""
""
""
""
""
""
""
""
""
""
""
""
""
""
""
""
""
""
""
""
""
""
""
""
""
""
""
""
""
""
""
""
""
""
""
""
""
""
""
""
""
""
""
""
""
""
""
""
""
""
""
""
""
""
""
""
""
""
""
""
""
""
""
""
""
""
""
""
""
""
""
""
""
""
""
""
""
""
""
""
""
""
""
""
""
""
""
""
""
""
""
""
""
""
""
""
""
""
""
""
""
""
""
""
""
""
""
""
""
""
""
""
""
""
""
""
""
""
""
""
""
""
""
""
""
""
""
""
""
""
""
""
""
""
""
""
""
""
""
""
""
""
""
""
""
""
""
""
""
""
""
""
""
""
""
""
""
""
""
""
""
""
""
""
""
""
""
""
""
""
""
""
""
""
""
""
""
""
""
""
""
""
""
""
""
""
""
""
""
""
""
""
""
""
""
""
""
""
""
""
""
""
""
""
""
""
""
""
""
""
""
""
""
""
""
""
""
""
""
""
""
""
""
""
""
""
""
""
""
""
""
""
""
""
""
""
""
""
""
""
""
""
""
""
""
""
""
""
""
""
""
""
""
""
""
""
""
""
""
""
""
""
""
""
""
""
""
""
""
""
""
""
""
""
""
""
""
""
""
""
""
""
""
""
""
""
""
""
""
""
""
""
""
""
""
""
""
""
""
""
""
""
""
""
""
""
""
""
""
""
""
""
""
""
""
""
""
""
""
""
""
""
""
""
""
""
""
""
""
""
""
""
""
""
""
""
""
""
""
""
""
""
""
""
""
""
""
""
""
""
""
""
""
""
""
""
""
""
""
""
""
""
""
""
""
""
""
""
""
""
""
""
""
""
""
""
""
""
""
""
""
""
""
""
""
""
""
""
""
""
""
""
""
""
""
""
""
""
""
""
""
""
""
""
""
""
""
""
""
""
""
""
""
""
""
""
""
""
""
""
""
""
""
""
""
""
""
""
""
""
""
""
""
""
""
""
""
""
""
""
""
""
""
""
""
""
""
""
""
""
""
""
""
""
""
""
""
""
""
""
""
""
""
""
""
""
""
""
""
""
""
""
""
""
""
""
""
""
""
""
""
""
""
""
""
""
""
""
""
""
""
""
""
""
""
""
""
""
""
""
""
""
""
""
""
""
""
""
""
""
""
""
""
""
""
""
""
""
""
""
""
""
""
""
""
""
""
""
""
""
""
""
""
""
""
""
""
""
""
""
""
""
""
""
""
""
""
""
""
""
""
""
""
""
""
""
""
""
""
""
""
""
""
""
""
""
""
""
""
""
""
""
""
""
""
""
""
""
""
""
""
""
""
""
""
""
""
""
""
""
""
""
""
""
""
""
""
""
""
""
""
""
""
""
""
""
""
""
""
""
""
""
""
""
""
""
""
""
""
""
""
""
""
""
""
""
""
""
""
""
""
""
""
""
""
""
""
""
""
""
""
""
""
""
""
""
""
""
""
""
""
""
""
""
""
""
""
""
""
""
""
""
""
""
""
""
""
""
""
""
""
""
""
""
""
""
""
""
""
""
""
""
""
""
""
""
""
""
""
""
""
""
""
""
""
""
""
""
""
""
""
""
""
""
""
""
""
""
""
""
""
""
""
""
""
""
""
""
""
""
""
""
""
""
""
""
""
""
""
""
""
""
""
""
""
""
""
""
""
""
""
""
""
""
""
""
""
""
""
""
""
""
""
""
""
""
""
""
""
""
""
""
""
""
""
""
""
""
""
""
""
""
""
""
""
""
""
""
""
""
""
""
""
""
""
""
""
""
""
""
""
""
""
""
""
""
""
""
""
""
""
""
""
""
""
""
""
""
""
""
""
""
""
""
""
""
""
""
""
""
""
""
""
""
""
""
""
""
""
""
""
""
""
""
""
""
""
""
""
""
""
""
""
""
""
""
""
""
""
""
""
""
""
""
""
""
""
""
""
""
""
""
""
""
""
""
""
""
""
""
""
""
""
""
""
""
""
""
""
""
""
""
""
""
""
""
""
""
""
""
""
""
""
""
""
""
""
""
""
""
""
""
""
""
""
""
""
""
""
""
""
""
""
""
""
""
""
""
""
""
""
""
""
""
""
""
""
""
""
""
""
""
""
""
""
""
""
""
""
""
""
""
""
""
""
""
""
""
""
""
""
""
""
""
""
""
""
""
""
""
""
""
""
""
""
""
""
""
""
""
""
""
""
""
""
""
""
""
""
""
""
""
""
""
""
""
""
""
""
""
""
""
""
""
""
""
""
""
""
""
""
""
""
""
""
""
""
""
""
""
""
""
""
""
""
""
""
""
""
""
""
""
""
""
""
""
""
""
""
""
""
""
""
""
""
""
""
""
""
""
""
""
""
""
""
""
""
""
""
""
""
""
""
""
""
""
""
""
""
""
""
""
""
""
""
""
""
""
""
""
""
""
""
""
""
""
""
""
""
""
""
""
""
""
""
""
""
""
""
""
""
""
""
""
""
""
""
""
""
""
""
""
""
""
""
""
""
""
""
""
""
""
""
""
""
""
""
""
""
""
""
""
""
""
""
""
""
""
""
""
""
""
""
""
""
""
""
""
""
""
""
""
""
""
""
""
""
""
""
""
""
""
""
""
""
""
""
""
""
""
""
""
""
""
""
""
""
""
""
""
""
""
""
""
""
""
""
""
""
""
""
""
""
""
""
""
""
""
""
""
""
""
""
""
""
""
""
""
""
""
""
""
""
""
""
""
""
""
""
""
""
""
""
""
""
""
""
""
""
""
""
""
""
""
""
""
""
""
""
""
""
""
""
""
""
""
""
""
""
""
""
""
""
""
""
""
""
""
""
""
""
""
""
""
""
""
""
""
""
""
""
""
""
""
""
""
""
""
""
""
""
""
""
""
""
""
""
""
""
""
""
""
""
""
""
""
""
""
""
""
""
""
""
""
""
""
""
""
""
""
""
""
""
""
""
""
""
""
""
""
""
""
""
""
""
""
""
""
""
""
""
""
""
""
""
""
""
""
""
""
""
""
""
""
""
""
""
""
""
""
""
""
""
""
""
""
""
""
""
""
""
""
""
""
""
""
""
""
""
""
""
""
""
""
""
""
""
""
""
""
""
""
""
""
""
""
""
""
""
""
""
""
""
""
""
""
""
""
""
""
""
""
""
""
""
""
""
""
""
""
""
""
""
""
""
""
""
""
""
""
""
""
""
""
""
""
""
""
""
""
""
""
""
""
""
""
""
""
""
""
""
""
""
""
""
""
""
""
""
""
""
""
""
""
""
""
""
""
""
""
""
""
""
""
""
""
""
""
""
""
""
""
""
""
""
""
""
""
""
""
""
""
""
""
""
""
""
""
""
""
""
""
""
""
""
""
""
""
""
""
""
""
""
""
""
""
""
""
""
""
""
""
""
""
""
""
""
""
""
""
""
""
""
""
""
""
""
""
""
""
""
""
""
""
""
""
""
""
""
""
""
""
""
""
""
""
""
""
""
""
""
""
""
""
""
""
""
""
""
""
""
""
""
""
""
""
""
""
""
""
""
""
""
""
""
""
""
""
""
""
""
""
""
""
""
""
""
""
""
""
""
""
""
""
""
""
""
""
""
""
""
""
""
""
""
""
""
""
""
""
""
""
""
""
""
""
""
""
""
""
""
""
""
""
""
""
""
""
""
""
""
""
""
""
""
""
""
""
""
""
""
""
""
""
""
""
""
""
""
""
""
""
""
""
""
""
""
""
""
""
""
""
""
""
""
""
""
""
""
""
""
""
""
""
""
""
""
""
""
""
""
""
""
""
""
""
""
""
""
""
""
""
""
""
""
""
""
""
""
""
""
""
""
""
""
""
""
""
""
""
""
""
""
""
""
""
""
""
""
""
""
""
""
""
""
""
""
""
""
""
""
""
""
""
""
""
""
""
""
""
""
""
""
""
""
""
""
""
""
""
""
""
""
""
""
""
""
""
""
""
""
""
""
""
""
""
""
""
""
""
""
""
""
""
""
""
""
""
""
""
""
""
""
""
""
""
""
""
""
""
""
""
""
""
""
""
""
""
""
""
""
""
""
""
""
""
""
""
""
""
""
""
""
""
""
""
""
""
""
""
""
""
""
""
""
""
""
""
""
""
""
""
""
""
""
""
""
""
""
""
""
""
""
""
""
""
""
""
""
""
""
""
""
""
""
""
""
""
""
""
""
""
""
""
""
""
""
""
""
""
""
""
""
""
""
""
""
""
""
""
""
""
""
""
""
""
""
""
""
""
""
""
""
""
""
""
""
""
""
""
""
""
""
""
""
""
""
""
""
""
""
""
""
""
""
""
""
""
""
""
""
""
""
""
""
""
""
""
""
""
""
""
""
""
""
""
""
""
""
""
""
""
""
""
""
""
""
""
""
""
""
""
""
""
""
""
""
""
""
""
""
""
""
""
""
""
""
""
""
""
""
""
""
""
""
""
""
""
""
""
""
""
""
""
""
""
""
""
""
""
""
""
""
""
""
""
""
""
""
""
""
""
""
""
""
""
""
""
""
""
""
""
""
""
""
""
""
""
""
""
""
""
""
""
""
""
""
""
""
""
""
""
""
""
""
""
""
""
""
""
""
""
""
""
""
""
""
""
""
""
""
""
""
""
""
""
""
""
""
""
""
""
""
""
""
""
""
""
""
""
""
""
""
""
""
""
""
""
""
""
""
""
""
""
""
""
""
""
""
""
""
""
""
""
""
""
""
""
""
""
""
